a,a/d,lbd,fy,pl,s,pt,s/d,AL,ALR,Vmax,pt/Vmax,Column ID,DC,Conc. Cover,fyt,f'c,h,b
11.811,1.70309,0.5,53795,0.0126677,1.37795,0.00678808,0.198694,33.075,0.170328,19.6743,17.20973201,1,1.57099,0.47,49880,3132,7.874015748,7.874015748
32.4803,1.8623,0.866142,46110,0.0266093,3.93701,0.00318086,0.225734,88.2,0.072405,105.95,1.462685221,1,2.255212121,1.46,48720,3929.5,19.68503937,15.7480315
6.29921,1.16152,0.374016,49445,0.0221507,1.5748,0.00613592,0.290381,91.2688,0.801155,18.6352,26.68857837,1,1.0715625,0.49,81055,2871,6.299212598,6.299212598
6.29921,1.16152,0.374016,49445,0.0221507,1.5748,0.00613592,0.290381,91.2688,0.801155,20.5258,24.23033429,1,2.041525,0.49,81055,2871,6.299212598,6.299212598
6.29921,1.16152,0.374016,49445,0.0221507,1.5748,0.010474,0.290381,91.2688,0.801155,25.8408,32.85386172,1,3.95605,0.49,81055,2871,6.299212598,6.299212598
8.85827,1.40933,0.5,49300,0.0312782,2.5315,0.00217148,0.402756,42.75,0.184613,29.3544,2.670852935,1,1.46812,0.39,36105,4611,7.086614173,7.086614173
8.85827,1.40933,0.5,49300,0.0312782,2.5315,0.00217148,0.402756,107.1,0.445687,30.1142,2.603465654,1,1.030111111,0.39,36105,4785,7.086614173,7.086614173
17.913,1.23137,0.748031,63945,0.0300667,3.50394,0.00552503,0.240866,120.15,0.162437,72.5317,4.572725455,1,1.309663373,0.98,60030,5060.5,16.14173228,9.05511811
17.913,2.401,0.748031,63945,0.0300667,3.50394,0.0015497,0.469657,120.15,0.162437,59.1606,1.572473758,1,1.74538045,0.98,60030,5060.5,9.05511811,16.14173228
17.913,1.72019,0.748031,66990,0.024383,8.26772,0.00150708,0.793951,64.8,0.103658,48.0195,1.884026539,1,1.495282756,0.98,60030,4335.5,12.00787402,12.00787402
48,3.06949,0.984252,62930,0.0187866,16,0.000953712,1.02316,0,0,101.191,0.546642448,1,2.283958333,1.5,58000,3175.5,18,36
48,1.42697,0.984252,62930,0.0187866,16,0.000762969,0.475655,0,0,144.492,0.306260568,1,0.887916667,1.5,58000,2320,36,18
39.3701,2.22467,0.511811,46835,0.0212372,10,0.00200369,0.565066,0,0,88.3341,0.849889872,1,1.980946,1.38,37468,4799.5,19.68503937,19.68503937
39.3701,2.22467,0.511811,46835,0.0212372,10,0.00200369,0.565066,0,0,95.7064,0.784422535,1,1.669288,1.38,37468,4599.4,19.68503937,19.68503937
48,3.31034,0.75,68005,0.0253107,5,0.000831058,0.344828,114.142,0.0594367,141.1,0.276841852,1,0.998541667,0.87,47003.2,5001.05,16,24
48,3.31034,0.75,68005,0.0253107,5,0.000831058,0.344828,114.142,0.0632317,169.7,0.230184946,1,0.653541667,0.87,47003.2,4700.9,16,24
31.4961,3.07698,0.629921,55114.5,0.0268083,9.84252,0.000753982,0.961557,20.25,0.0307655,30.555,1.419055568,1,1.50495,1.02,57507,4718.3,11.81102362,11.81102362
6.88976,1.1682,0.394,56260,0.0308216,4.33071,0.00293759,0.734297,17.9156,0.100111,21.7427,6.112238664,1,0.483325714,0.56,45240,3770,6.88976378,6.88976378
6.88976,1.1682,0.394,49880,0.0308216,4.33071,0.00293759,0.734297,22.5315,0.100107,21.5156,6.17675415,1,0.42672,0.56,45240,4741.5,6.88976378,6.88976378
6.88976,1.1682,0.512,49880,0.0693971,0.787402,0.0161568,0.133508,28.5975,0.100116,36.9122,20.43663049,1,1.272902857,0.5,46690,6017.5,6.88976378,6.88976378
23.622,2.35302,0.63,58290,0.0268151,3.937,0.00188145,0.392171,124.224,0.200044,53.278,2.007237847,1,0.999068665,1.22,56840,4451.5,11.811,11.811
23.622,2.35302,0.63,58290,0.0268151,7.874,0.000940723,0.784341,124.224,0.200044,51.547,1.037319249,1,0.789518246,1.22,56840,4451.5,11.811,11.811
23.622,2.35302,0.63,58290,0.0268151,3.937,0.00188145,0.392171,186.337,0.300068,58.673,1.822671723,1,0.810684955,1.22,56840,4451.5,11.811,11.811
17.7165,1.7308,0.5,49300,0.0168903,6.3,0.000819266,0.615475,81.94,0.300069,36.193,1.926666084,1,0.572912257,1.13,85115,1957.5,11.811,11.811
17.7165,1.7308,0.5,49300,0.0168903,2.953,0.00281481,0.288492,81.94,0.300069,38.486,6.225187163,1,1.332091553,1.08,85115,1957.5,11.811,11.811
17.7165,1.7308,0.5,49300,0.0168903,2.953,0.00281481,0.288492,109.25,0.30006,52.85,2.965536817,1,1.044224311,1.08,55680,2610,11.811,11.811
17.7165,1.7308,0.5,49300,0.0168903,2.953,0.00281481,0.288492,72.835,0.200044,48.669,3.220296715,1,1.518358592,1.08,55680,2610,11.811,11.811
11.811,1.15387,0.5,64815,0.0168903,1.969,0.00422151,0.19236,121.392,0.216655,73.532,3.313160829,1,1.168402337,1.08,57710,4016.5,11.811,11.811
17.7165,1.7308,0.5,64815,0.0225204,5.906,0.00140741,0.576983,121.392,0.213192,55.031,1.475925044,1,0.838201676,1.08,57710,4081.75,11.811,11.811
17.7165,1.7308,0.5,64815,0.0225204,5.906,0.00140741,0.576983,121.392,0.213192,56.402,1.440048777,1,0.968024158,1.08,57710,4081.75,11.811,11.811
17.7165,1.7308,0.5,64815,0.0225204,1.969,0.00422151,0.19236,121.392,0.229937,59.774,4.075740993,1,1.428047301,1.08,57710,3784.5,11.811,11.811
17.7165,1.7308,0.5,64815,0.0225204,1.969,0.00422151,0.19236,121.392,0.229937,66.473,3.664996948,1,1.919114949,1.08,57710,3784.5,11.811,11.811
11.811,1.15387,0.5,64815,0.0168903,1.969,0.00422151,0.19236,121.392,0.229937,76.454,3.186534937,1,1.799170265,1.08,57710,3784.5,11.811,11.811
17.7165,1.76477,0.63,55100,0.0268151,3.937,0.00211129,0.392171,96.507,0.180041,61.033,1.906052119,1,0.942624107,1.21,55100,3842.5,11.811,11.811
17.7165,1.76477,0.63,55100,0.0268151,3.937,0.00211129,0.392171,144.76,0.270061,59.122,1.967661429,1,0.745068157,1.21,55100,3842.5,11.811,11.811
17.7165,1.76477,0.63,55100,0.0268151,3.937,0.00211129,0.392171,144.76,0.270061,65.619,1.772841387,1,1.241780261,1.21,55100,3842.5,11.811,11.811
35.433,2.57152,0.874,79315,0.0387063,7.087,0.00190602,0.514333,180.56,0.200046,88.077,1.113938707,1,2.000959557,1.16,51475,3639.5,15.748,15.748
34.488,3.44604,0.748031,71920,0.024464,5,0.00322977,0.4996,0,0,17.81,9.071827302,1,2.963349571,1.38,50025,4640,12.008,5.984
58,3.74194,1.252,48000,0.0303,18,0.00068,1.16129,113,0.09,59.8,0.659531773,1,1,1.5,58000,3900,18,18
25.591,2.5001,0.63,55114.5,0.0268151,5.906,0.00125632,0.576983,20.232,0.0347783,41.993,1.720458034,1,1.44972842,1.02,57507,4170.2,11.811,11.811
11.811,1.70309,0.5,53795,0.0126677,0.787402,0.0118792,0.11354,66.0912,0.350079,25.3215,23.40045005,1,1.508763018,0.47,49880,3045,7.874,7.874
15.748,2.2792,0.629921,53505,0.0201063,1.9685,0.00475167,0.284901,41.1384,0.143001,22.7902,9.553295688,1,3.825565151,0.43,45820,4640,7.874,7.874
15.748,2.27935,0.511811,53650,0.0265466,1.9685,0.00475167,0.284919,41.1384,0.153044,24.8606,8.757693676,1,1.796418593,0.49,45820,4335.5,7.874,7.874
3.15,1.2698,0.23622,48720,0.017667,3.14961,0.0039265,1.26964,34.1696,0.698509,8.2596,23.50547151,1,4.175265915,0.39,49445,4930,3.15,3.15
12.598,2.32306,0.374016,49445,0.0221522,1.5748,0.00613613,0.290393,97.1136,0.799993,15.2217,32.67466953,1,0.806445212,0.49,81055,3059.5,6.299,6.299
12.598,2.32306,0.374016,49445,0.0221522,1.5748,0.0104744,0.290393,109.253,0.899993,15.1457,56.05567864,1,3.467476287,0.49,81055,3059.5,6.299,6.299
18.898,3.48478,0.374016,49445,0.0221522,1.5748,0.00613613,0.290393,116.222,0.701428,12.71,39.13170867,1,1.520042334,0.49,81055,4176,6.299,6.299
18.898,3.48478,0.374016,49445,0.0221522,1.5748,0.00613613,0.290393,116.222,0.701428,12.3429,40.29555592,1,1.596242889,0.49,81055,4176,6.299,6.299
11.811,1.76212,0.374016,52345,0.0212647,2.75591,0.0080784,0.411161,59.572,0.256841,29.2735,17.04622843,1,2.54000508,0.75,61770,3741,7.874,7.874
11.811,1.76212,0.374016,52345,0.0212647,2.75591,0.0080784,0.411161,142.973,0.616417,30.7324,16.23702568,1,1.008382017,0.75,61770,3741,7.874,7.874
12.717,1.36003,0.511811,63945,0.0274788,2.04724,0.00782347,0.218945,591.674,0.735702,115.471,4.06719353,1,0.896866276,1.1,60030,6713.5,10.945,10.945
34.488,3.44604,0.748,71920,0.0244619,5,0.00322895,0.4996,42.487,0.117516,22.201,7.27571838,1,3.633147762,1.38,50025,5031.5,12.008,5.984
34.488,3.44604,0.748031,71920,0.024464,5,0.00322977,0.4996,42.4872,0.117516,22.7745,7.094304782,1,3.515715611,1.38,50025,5031.5,12.008,5.984
34.488,3.44604,0.748,71920,0.0244619,3.504,0.00460752,0.35012,40.014,0.147144,23.512,9.803129806,1,4.879958246,1.38,50025,3784.5,12.008,5.984
34.488,3.44604,0.748031,71920,0.024464,3.50394,0.00460878,0.350114,40.0144,0.147145,22.1381,10.41436345,1,5.407388077,1.38,50025,3784.5,12.008,5.984
34.488,3.44604,0.748031,71920,0.024464,5,0.00322977,0.4996,40.0144,0.1143,21.182,7.627667088,1,5.02203665,1.38,50025,4872,12.008,5.984
34.488,3.44604,0.748,71920,0.0244619,5,0.00322895,0.4996,40.014,0.114299,23.582,6.849640563,1,4.108675481,1.38,50025,4872,12.008,5.984
34.488,3.44604,0.748031,71920,0.024464,5,0.00322977,0.4996,24.9528,0.0712771,19.7581,8.177367472,1,3.534852702,1.38,50025,4872,12.008,5.984
34.488,3.44604,0.748,71920,0.0244619,5,0.00322895,0.4996,24.953,0.0712776,20.967,7.703926349,1,3.653444676,1.38,50025,4872,12.008,5.984
34.488,3.44604,0.748031,71920,0.024464,3.50394,0.00460878,0.350114,0,0,22.11,10.42759925,1,5.534968685,1.38,50025,3749.7,12.008,5.984
34.488,3.44604,0.748,71920,0.0244619,2.52,0.00640665,0.251799,40.014,0.114983,22.826,14.04068458,1,6.790767803,1.38,50025,4843,12.008,5.984
34.488,3.44604,0.748,71920,0.0244619,2.52,0.00640665,0.251799,40.014,0.114983,22.338,14.34741992,1,6.819763396,1.38,50025,4843,12.008,5.984
34.488,3.44604,0.748,71920,0.0244619,2.52,0.0145704,0.251799,40.014,0.11464,26.924,24.87477477,1,5.897703549,1.25,45965,4857.5,12.008,5.984
34.488,3.44604,0.748,71920,0.0244619,2.52,0.0145704,0.251799,40.014,0.11464,27.079,24.73239174,1,6.228253305,1.25,45965,4857.5,12.008,5.984
34.488,3.44604,0.748,71920,0.0244619,4.016,0.00914277,0.401279,40.014,0.11464,27.241,15.42701894,1,5.868707956,1.25,45965,4857.5,12.008,5.984
34.488,3.44604,0.748,71920,0.0244619,4.016,0.00914277,0.401279,40.014,0.11464,27.21,15.44459475,1,5.744026908,1.25,45965,4857.5,12.008,5.984
58,3.71177,1,47995,0.0193925,18,0.000678195,1.15193,113.074,0.0727149,54.1251,0.726566347,1,2.593017241,1.5,57985.5,4799.5,18,18
58,3.71177,1,47995,0.0193925,18,0.000678195,1.15193,339.898,0.283723,68.7888,0.571684288,1,0.957068966,1.5,57985.5,3697.5,18,18
58,3.71,1,48000,0.0194,18,0.00068,1.152,113,0.07,52.5,0.751238095,1,1.4,1.5,58000,4800,18,18
58,3.74,1.25,48000,0.0303,12,0.00174,0.774194,340,0.28,82.5,1.223272727,1,1.69,1.5,58000,3698,18,18
20,2.24134,0.625984,73950,0.0246211,2.00787,0.00745019,0.225017,120.043,0.0962656,60.6846,7.992878258,1,6.40275,0.51,65105,12470,10,10
20,2.24134,0.625984,73950,0.0246211,2.00787,0.00745019,0.225017,240.086,0.192531,72.8635,6.656894329,1,3.7225,0.51,65105,12470,10,10
58,3.75768,1.12992,62988,0.0247589,12,0.00173652,0.777452,149.942,0.151261,70.7565,1.693902474,1,2.554310345,1.63,69020,3059.5,18,18
58,3.75768,1.12992,62988,0.0247589,12,0.00173652,0.777452,599.991,0.60527,80.7251,1.48472545,1,1.521551724,1.63,69020,3059.5,18,18
58,3.75768,1.12992,62988,0.0247589,12,0.00173652,0.777452,149.942,0.146404,66.2213,1.809910262,1,2.887931034,1.63,69020,3161,18,18
94.488,7.2399,0.748031,46835,0.0141765,7.83465,0.00159843,0.60031,0,0,28.8011,2.079433606,1,3.953729574,1.97,37468,4457.3,15.748,31.496
94.488,7.2399,0.748031,46835,0.0177206,7.83465,0.00159843,0.60031,0,0,35.9682,1.665081245,1,3.199559732,1.97,37468,4116.55,15.748,31.496
98.425,5.56168,0.511811,46835,0.0212373,10,0.0020037,0.565068,0,0,35.3949,2.121057881,1,3.341630683,1.38,37468,4525.45,19.685,19.685
98.425,5.56168,0.511811,46835,0.0212373,10,0.0020037,0.565068,0,0,34.9097,2.150537862,1,2.681432563,1.38,37468,4641.45,19.685,19.685
98.425,5.56168,0.511811,46835,0.0212373,10,0.0020037,0.565068,0,0,36.6519,2.048314865,1,2.197917196,1.38,37468,4612.45,19.685,19.685
68.898,3.8932,0.511811,46835,0.0212373,10,0.0020037,0.565068,0,0,53.5664,1.40152468,1,2.718801707,1.38,37468,4613.9,19.685,19.685
68.898,3.8932,0.511811,46835,0.0212373,10,0.0020037,0.565068,0,0,51.714,1.451727416,1,2.761183198,1.38,37468,4825.6,19.685,19.685
45.669,2.58061,0.511811,46835,0.0212373,1.9685,0.0101788,0.111234,0,0,88.6526,4.301952547,1,2.472355427,1.38,37468,4786.45,19.685,19.685
19.685,2.89017,0.512,63003.9,0.0199246,3.93701,0.00282744,0.578036,17.6423,0.100176,16.8043,13.62969755,1,2.625857252,0.57,81005.265,2840.55,7.874,7.874
19.685,2.89017,0.512,63003.9,0.0199246,3.93701,0.00282744,0.578036,17.6423,0.100176,15.9222,14.38479145,1,1.638811278,0.57,81005.265,2840.55,7.874,7.874
19.685,2.89017,0.512,63003.9,0.0199246,3.93701,0.00282744,0.578036,35.2846,0.200351,18.8001,12.18278235,1,1.558547117,0.57,81005.265,2840.55,7.874,7.874
19.685,2.89017,0.512,63003.9,0.0265662,3.93701,0.00282744,0.578036,35.2846,0.200351,18.1385,12.62714814,1,1.259334519,0.57,81005.265,2840.55,7.874,7.874
19.685,2.89017,0.394,50003.2,0.0196649,3.93701,0.00282744,0.578036,17.6423,0.100176,13.0222,14.98257138,1,2.426212852,0.63,69004.485,2840.55,7.874,7.874
19.685,2.89017,0.394,50003.2,0.0196649,3.93701,0.00282744,0.578036,35.2846,0.200351,15.9222,12.25371124,1,2.819405639,0.63,69004.485,2840.55,7.874,7.874
19.685,2.89017,0.394,50003.2,0.0196649,3.93701,0.00282744,0.578036,35.2846,0.200351,15.8009,12.34778026,1,1.911099822,0.63,69004.485,2840.55,7.874,7.874
23.622,3.33315,0.512,67004.5,0.0199246,3.93701,0.00282744,0.555525,35.2846,0.223131,15.7458,8.440239164,1,2.151807637,0.29,47003.055,2550.55,7.874,7.874
15.748,2.2221,0.512,67004.5,0.0199246,3.93701,0.00282744,0.555525,35.2846,0.223131,24.0046,5.536368772,1,1.605918212,0.29,47003.055,2550.55,7.874,7.874
23.622,3.33315,0.512,67004.5,0.0199246,7.87402,0.00141372,1.11105,88.2115,0.557828,18.6678,3.559560254,1,1.705190077,0.29,47003.055,2550.55,7.874,7.874
15.748,2.2221,0.394,55004.3,0.0117989,4.72441,0.0010472,0.66663,35.2846,0.119297,17.929,5.490724435,1,1.982473965,0.43,94006.11,4770.5,7.874,7.874
15.748,2.2221,0.354331,47003.2,0.00954263,3.93701,0.00125664,0.555525,35.2846,0.265913,11.3021,8.450716929,1,2.002476505,0.45,76004.94,2140.2,7.874,7.874
15.748,2.2221,0.354331,47003.2,0.00954263,3.93701,0.00125664,0.555525,35.2846,0.299609,13.1986,7.236437789,1,2.008826518,0.45,76004.94,1899.5,7.874,7.874
15.748,2.2221,0.394,54003.8,0.0117989,3.93701,0.00125664,0.555525,35.2846,0.281757,15.3378,6.227154338,1,2.146304293,0.43,76004.94,2019.85,7.874,7.874
15.748,2.2221,0.394,54003.8,0.0117989,3.93701,0.00125664,0.555525,35.2846,0.299609,15.6245,6.112889872,1,2.363792228,0.43,76004.94,1899.5,7.874,7.874
19.685,2.94113,0.512,76004.6,0.0132831,3.93701,0.00331831,0.588228,35.2846,0.197627,16.9271,9.998452789,1,2.124460249,0.67,51003.315,2879.7,7.874,7.874
19.685,2.94113,0.625,76004.6,0.0197933,3.93701,0.00331831,0.588228,35.2846,0.192208,19.7484,8.570051761,1,1.930403861,0.61,51003.315,2960.9,7.874,7.874
19.685,2.94113,0.748,52002.8,0.0283506,3.93701,0.00331831,0.588228,88.2115,0.447433,24.4236,6.223005123,1,1.49504699,0.55,45802.89,3179.85,7.874,7.874
19.685,2.94113,0.866,52002.8,0.038001,3.93701,0.00331831,0.588228,88.2115,0.447433,24.3133,6.25123648,1,1.036830074,0.49,45802.89,3179.85,7.874,7.874
58.464,3.11891,0.992,64525,0.0197796,11.811,0.00121077,0.630089,404.64,0.132255,132.699,0.562277796,1,1.086138478,1.97,61625,6525,21.654,21.654
28.996,3.73667,0.5,69455,0.0193925,5.98425,0.00183769,0.771182,28.7744,0.099997,18.1438,10.5447539,1,5.345047593,0.8,104110,3552.5,9,9
28.996,3.73667,0.5,69455,0.0193925,5.98425,0.00183769,0.771182,68.1144,0.242654,19.9218,9.603645549,1,3.439267485,0.8,104110,3465.5,9,9
48,2.13333,0.75,47003.2,0.0253107,5,0.00124659,0.222222,114.041,0.0539982,127.9,0.506850434,1,1.432604167,0.87,52002.8,5499.85,24,16
39.37,3.27855,0.984252,65685,0.0320549,5.90551,0.00299189,0.491784,134.88,0.162209,61.6626,3.30666082,1,3.923291847,0.89,68150,4379,13.78,13.78
15.748,2.28563,0.511811,52459.6,0.0265466,1.5748,0.0070686,0.228564,71.7443,0.346458,27.4999,13.58301974,1,1.97485395,0.49,52843.8,3340,7.874,7.874
15.748,2.28563,0.511811,52459.6,0.0265466,1.9685,0.00565488,0.285704,43.0897,0.208083,24.5449,12.17464108,1,1.966916434,0.49,52843.8,3340,7.874,7.874
15.748,2.28563,0.511811,52459.6,0.0265466,2.3622,0.0070686,0.342845,62.8811,0.346148,26.7722,13.95222226,1,2.132016764,0.49,52843.8,2930,7.874,7.874
15.748,2.28563,0.511811,52459.6,0.0265466,2.95276,0.00565488,0.428557,37.7664,0.207896,24.589,12.15280604,1,2.482219964,0.49,52843.8,2930,7.874,7.874
58,3.74194,1.25197,47995,0.0303964,18,0.000678195,1.16129,339.898,0.262136,73.7344,0.53333961,1,1.031810345,1.5,57985.5,4002,18,18
58,3.74194,1.25197,47995,0.0303964,12,0.00173652,0.774194,339.898,0.262136,80.0288,1.2582093,1,1.744482759,1.5,57985.5,4002,18,18
58,3.74,1.25,48000,0.0303,18,0.00068,1.16129,113,0.09,59.8,0.659531773,1,1,1.5,58000,3900,18,18
23.622,2.35302,0.512,59305,0.0177108,3.937,0.00188145,0.392171,124.224,0.200045,48.939,2.185202354,1,5.306070612,1.28,56840,4451.5,11.811,11.811
23.622,2.35302,0.512,59305,0.0177108,5.906,0.00125419,0.588306,124.224,0.200045,47.5902,1.497958815,1,2.036025739,1.28,56840,4451.5,11.811,11.811
59.055,2.34774,0.768,58000,0.0146396,11.811,0.000593634,0.469548,290.891,0.150949,116.244,0.296193971,1,1.205655745,1.77,58000,5075,27.558,13.779
59.055,2.36693,0.768,58000,0.0146396,11.811,0.00191047,0.473387,338.998,0.146593,128.496,0.862340151,1,1.268309203,1.78,58000,6090,27.558,13.779
25.591,2.5001,0.63,55114.5,0.0268151,2.756,0.00269224,0.269246,20.232,0.0302457,41.61,3.720803789,1,2.543863077,1.02,57507,4795.15,11.811,11.811
41.339,4.03859,0.63,57478,0.0268151,5.906,0.00125632,0.576983,20.232,0.0274787,28.145,2.761783723,1,1.487699267,1.02,61871.5,5278,11.811,11.811
35.433,3.52953,0.752,56115,0.0382062,2.953,0.00609909,0.294153,142.028,0.260057,46.286,6.782842712,1,5.449722011,1.03,51475,3915,11.811,11.811
35.433,3.52953,0.752,56115,0.0382062,2.953,0.00609909,0.294153,142.028,0.260057,45.207,6.9447355,1,5.334010668,1.03,51475,3915,11.811,11.811
47.2441,2.45902,0.944882,54375,0.017946,3.14961,0.00713998,0.163934,408.012,0.259798,156.497,1.964786793,1,2.821516667,1.57,43065,3349.5,21.65354331,21.65354331
47.2441,2.45902,0.944882,54375,0.017946,2.95276,0.010967,0.153689,602.464,0.214045,182.414,2.754766301,1,2.154978333,1.5,45820,6003,21.65354331,21.65354331
47.2441,2.45902,0.944882,54375,0.017946,2.95276,0.00761598,0.153689,611.231,0.420113,150.706,2.176304717,1,1.755775,1.57,43065,3103,21.65354331,21.65354331
47.2441,2.45902,0.944882,54375,0.017946,2.44094,0.0132666,0.127049,958.772,0.600097,156.575,3.612039968,1,1.303231667,1.5,42630,3407.5,21.65354331,21.65354331
62.9921,4.5007,0.629921,61915,0.0150796,3.93701,0.0113097,0.281294,322.588,0.380116,43.1728,12.15510877,1,3.183255,0.96,46400,3422,15.7480315,15.7480315
62.9921,4.45063,0.629921,61915,0.0150796,3.54331,0.00872665,0.250348,188.832,0.210046,38.0429,9.313222441,1,3.65379,0.89,40600,3625,15.7480315,15.7480315
62.9921,4.30108,0.629921,64670,0.0150796,3.34646,0.00452759,0.228495,167.251,0.100022,44.8678,5.326006628,1,4.890135,0.51,52780,6742.5,15.7480315,15.7480315
62.9921,4.31267,0.629921,64670,0.0150796,3.07087,0.00644429,0.210243,474.778,0.300066,62.7754,5.358658615,1,3.14325,0.51,52200,6380,15.7480315,15.7480315
62.9921,4.30108,0.629921,64670,0.0150796,3.58268,0.00422907,0.244624,474.778,0.300066,62.2651,3.58483829,1,2.788285,0.51,52780,6380,15.7480315,15.7480315
62.9921,4.28954,0.629921,64670,0.0150796,3.70079,0.00300791,0.252011,431.616,0.300066,59.4731,1.870046664,1,2.16487375,0.51,36975,5800,15.7480315,15.7480315
62.9921,4.33604,0.629921,63800,0.0150796,4.6063,0.0067128,0.317073,227.048,0.223106,47.9498,9.459557621,1,5.45592,0.51,67570,4103.5,15.7480315,15.7480315
62.992,4.3359,0.63,63800,0.0150835,3.622,0.00853703,0.249312,562.45,0.39005,60.444,9.543496742,1,6.800863602,0.51,67570,5814.5,15.748,15.748
62.9921,4.31267,0.629921,68730,0.0150796,3.18898,0.00620562,0.218329,737.344,0.50011,65.6461,5.099025575,1,2.29235,0.51,53940,5945,15.7480315,15.7480315
62.9921,4.28954,0.629921,68730,0.0150796,3.77953,0.00294524,0.257373,719.36,0.50011,66.3205,2.498461296,1,1.56765625,0.51,56260,5800,15.7480315,15.7480315
62.9921,4.35967,0.629921,68730,0.0150796,3.77953,0.011781,0.26158,1057.46,0.700154,66.4396,7.919064233,1,1.0207625,0.51,44660,6090,15.7480315,15.7480315
62.9921,4.31267,0.629921,68730,0.0150796,3.0315,0.00652799,0.207547,981.926,0.700154,66.3992,5.303072636,1,1.1636375,0.51,53940,5655,15.7480315,15.7480315
62.9921,4.35967,0.629921,68730,0.0150796,2.04724,0.0217495,0.141689,1007.1,0.700154,69.5756,13.96082348,1,2.6997025,0.51,44660,5800,15.7480315,15.7480315
62.9921,4.73373,0.787402,68730,0.015708,3.14961,0.0106029,0.236686,184.111,0.199995,37.5641,13.62899754,1,3.936365,1.57,48285,3712,15.7480315,15.7480315
62.9921,4.73373,0.787402,68730,0.015708,3.14961,0.0106029,0.236686,184.111,0.199995,37.7124,13.57540296,1,5.34431875,1.57,48285,3712,15.7480315,15.7480315
62.9921,4.73373,0.787402,68730,0.015708,3.14961,0.0106029,0.236686,184.111,0.199995,39.4052,12.99221997,1,3.56235,1.57,48285,3712,15.7480315,15.7480315
62.9921,4.73373,0.787402,68730,0.015708,3.14961,0.0106029,0.236686,184.111,0.199995,38.3104,13.3634999,1,4.8352075,1.57,48285,3712,15.7480315,15.7480315
64.9606,3.38115,0.787402,74095,0.0124625,4.33071,0.00747751,0.22541,217.606,0.100022,86.6874,4.064923608,1,4.641580606,1.57,47125,4640,21.65354331,21.65354331
64.9606,3.38115,0.787402,74095,0.0124625,4.33071,0.00747751,0.22541,217.606,0.100022,91.9882,3.83068327,1,6.800580606,1.57,47125,4640,21.65354331,21.65354331
64.9606,3.38115,0.787402,74095,0.0124625,3.54331,0.00913918,0.184426,654.842,0.300996,138.639,3.106513012,1,4.976398788,1.57,47125,4640,21.65354331,21.65354331
64.9606,3.38115,0.787402,74095,0.0124625,3.54331,0.00913918,0.184426,654.842,0.300058,139.077,3.096729563,1,5.170362424,1.57,47125,4654.5,21.65354331,21.65354331
70.2362,3.23192,0.945,62640,0.0188543,3.14961,0.0106029,0.144929,145.221,0.100084,88.814,5.279722257,1,5.891547085,0.95,44225,3900.5,23.62204724,15.748
14.7638,1.7697,0.374016,56956,0.00680469,1.25984,0.00890936,0.151015,96.4392,0.333277,36.0782,11.56570659,1,1.774613333,1.1,46835,2987,9.842519685,9.842519685
62.9921,4.57143,0.748031,52490,0.0141764,3.93701,0.00318086,0.285714,28.5496,0.0320131,27.2075,5.509437747,1,5.12937125,1.24,47125,3596,15.7480315,15.7480315
62.9921,4.57143,0.748031,52490,0.0141764,3.93701,0.00318086,0.285714,28.5496,0.0320131,24.4358,6.134361367,1,6.12775,1.24,47125,3596,15.7480315,15.7480315
62.9921,4.57143,0.748031,52490,0.0141764,3.93701,0.00318086,0.285714,28.5496,0.0320131,24.7617,6.053624246,1,4.57025375,1.24,47125,3596,15.7480315,15.7480315
12.5984,2.32305,0.374016,49445,0.0221507,1.5748,0.00613592,0.290381,97.1136,0.799939,16.2326,30.63877602,1,2.0367625,0.49,81055,3059.5,6.299212598,6.299212598
29.5276,3.32373,0.5,54230,0.0162146,1.9685,0.00380133,0.221582,41.3407,0.105486,18.4077,15.15146282,1,4.613317333,0.49,73370,4045.5,9.842519685,9.842519685
29.5276,3.69185,0.5,54230,0.0162146,1.9685,0.00380133,0.246124,41.3407,0.105486,17.9898,15.50342873,1,4.613148,1.38,73370,4045.5,9.842519685,9.842519685
29.5276,3.69185,0.5,54230,0.0162146,1.9685,0.00380133,0.246124,41.3407,0.105486,18.4077,15.15146282,1,4.613317333,1.38,73370,4045.5,9.842519685,9.842519685
29.528,3.69146,0.5,54230,0.0162131,1.969,0.00379894,0.246156,41.363,0.118724,19.014,10.19763846,1,2.286004572,1.38,51040,3596,9.843,9.843
29.5276,3.69185,0.5,54230,0.0162146,1.9685,0.00380133,0.246124,41.3632,0.105543,18.3432,15.20473975,1,2.510366667,1.38,73370,4045.5,9.842519685,9.842519685
29.5276,3.69185,0.5,54230,0.0162146,1.9685,0.00380133,0.246124,41.3632,0.105543,17.4164,16.01384799,1,2.859362667,1.38,73370,4045.5,9.842519685,9.842519685
19.685,2.79895,0.5,57942,0.0316693,1.378,0.0161534,0.195933,308.201,0.400032,54.527,14.1066371,1,5.816611633,0.35,47618,12426.5,7.874,7.874
19.685,2.79877,0.5,57942,0.0380031,1.37795,0.0161568,0.195914,308.201,0.40003,54.8804,33.82172384,1,10.018268,0.35,114883.5,12426.5,7.874015748,7.874015748
19.685,2.79895,0.5,57942,0.0380032,1.378,0.0161534,0.195933,484.669,0.62908,54.433,14.13099776,1,2.072644145,0.35,47618,12426.5,7.874,7.874
19.685,2.79877,0.5,57942,0.0380031,1.37795,0.0161568,0.195914,484.669,0.629077,55.4537,33.47206287,1,4.134104,0.35,114883.5,12426.5,7.874015748,7.874015748
19.685,2.79877,0.5,57942,0.0380031,1.37795,0.0161568,0.195914,264.365,0.253942,57.2543,13.43749731,1,6.364224,0.35,47618,16791,7.874015748,7.874015748
19.685,2.79877,0.5,57942,0.0380031,1.37795,0.0161568,0.195914,264.365,0.253942,57.4454,32.31154684,1,8.501888,0.35,114883.5,16791,7.874015748,7.874015748
19.685,2.79877,0.5,57942,0.0380031,1.37795,0.0161568,0.195914,440.383,0.423021,64.8908,11.85614143,1,3.41376,0.35,47618,16791,7.874015748,7.874015748
19.685,2.79877,0.5,57942,0.0380031,1.37795,0.0161568,0.195914,440.383,0.423021,64.7559,28.6637933,1,6.013196,0.35,114883.5,16791,7.874015748,7.874015748
19.685,2.32396,0.5,54955,0.024322,2.3622,0.00523599,0.278875,489.165,0.349987,92.7143,6.338128613,1,2.005076,0.93,112230,14427.5,9.842519685,9.842519685
19.685,2.32396,0.5,54955,0.024322,1.5748,0.00785398,0.185917,489.165,0.349987,92.9863,9.479376805,1,4.008374,0.93,112230,14427.5,9.842519685,9.842519685
19.685,2.32937,0.5,54955,0.024322,2.3622,0.00633554,0.279525,489.165,0.349987,96.2886,3.281974556,1,1.830324,0.93,49880,14427.5,9.842519685,9.842519685
19.685,2.32396,0.5,54955,0.024322,2.3622,0.00523599,0.278875,489.165,0.349987,91.0867,9.385344812,1,2.003044,0.93,163270,14427.5,9.842519685,9.842519685
19.685,2.32396,0.5,54955,0.024322,1.1811,0.010472,0.139438,489.165,0.349987,91.1766,12.89006785,1,1.744218,0.93,112230,14427.5,9.842519685,9.842519685
19.685,2.34583,0.5,54955,0.024322,2.3622,0.00523599,0.281499,489.165,0.349987,94.4317,6.89016821,1,1.955546,1,124265,14427.5,9.842519685,9.842519685
19.685,2.43898,0.748,49155,0.0181425,1.181,0.00523882,0.146326,489.165,0.349953,91.062,6.456620419,1,1.056642113,1.2,112230,14427.5,9.843,9.843
65.984,6.63756,0.866,53215,0.0163397,2.992,0.00611548,0.300976,60.022,0.0986525,13.874,23.20082815,1,2.49757517,1.26,52635,4219.5,12.008,12.008
65.9843,6.63762,0.866142,53215,0.0163454,5,0.00365985,0.50297,60.0216,0.0935123,13.7569,14.0028789,1,3.228800716,1.26,52635,4451.5,12.00787402,12.00787402
65.9843,6.63762,0.866142,53215,0.0163454,2.99213,0.00611581,0.30099,60.0216,0.0983161,13.0867,24.59792456,1,3.066792363,1.26,52635,4234,12.00787402,12.00787402
65.9843,6.63762,0.866142,62205,0.0163454,5,0.00365985,0.50297,60.0216,0.104016,16.0125,12.03036407,1,2.38299284,1.26,52635,4002,12.00787402,12.00787402
65.9843,6.63762,0.866142,62205,0.0163454,2.99213,0.00611581,0.30099,120.043,0.195294,17.2305,20.17484347,1,3.081341289,1.26,56840,4263,12.00787402,12.00787402
65.9843,6.63762,0.866142,62205,0.0163454,5,0.00365985,0.50297,120.043,0.180555,16.8395,12.35344719,1,3.084523866,1.26,56840,4611,12.00787402,12.00787402
65.9843,6.63762,0.866142,52635,0.0163454,2.99213,0.00611581,0.30099,180.065,0.258633,17.7284,19.6082354,1,2.250536993,1.26,56840,4828.5,12.00787402,12.00787402
65.9843,6.63762,0.866142,52635,0.0163454,5,0.00365985,0.50297,180.065,0.265817,17.5274,11.86860995,1,2.391479714,1.26,56840,4698,12.00787402,12.00787402
65.9843,6.63762,0.866142,52635,0.0163454,2.99213,0.00611581,0.30099,180.065,0.277822,18.4595,17.918881,1,2.229622912,1.26,54085,4495,12.00787402,12.00787402
65.9843,6.63762,0.866142,52635,0.0163454,5,0.00365985,0.50297,180.065,0.270833,17.6425,11.21966769,1,2.516357995,1.26,54085,4611,12.00787402,12.00787402
54.0157,3.48666,1,63655,0.0194095,4.01575,0.00927779,0.259212,379.912,0.205948,104.93,5.820612939,1,4.893387755,1.5,65830,5698.5,17.99212598,17.99212598
54.0157,3.48666,1,63655,0.0194095,4.01575,0.0051914,0.259212,579.984,0.310456,109.99,4.215800055,1,2.844911079,1.63,89320,5771,17.99212598,17.99212598
39.3701,3.28084,1,62350,0.0330911,5.90551,0.00299199,0.492126,0,0,62.0898,3.284019573,1,4.8514,0.89,68150,6322,13.77952756,13.77952756
39.3701,3.28084,1,62350,0.0330911,2.95276,0.00598399,0.246063,134.88,0.140777,60.9208,6.694083441,1,5.109972,0.89,68150,5046,13.77952756,13.77952756
39.3701,3.28084,1,63510,0.0330911,1.9685,0.00897598,0.164042,134.88,0.153095,73.2623,8.349629168,1,9.290304,0.89,68150,4640,13.77952756,13.77952756
39.3701,3.27976,1,63365,0.0330911,2.55906,0.00848437,0.213185,134.88,0.131342,77.0614,6.784840416,1,8.90016,1.02,61625,5408.5,13.77952756,13.77952756
39.3701,3.27976,1,63365,0.0330911,2.55906,0.00848437,0.213185,134.88,0.125616,76.8366,6.80469075,1,8.780018,1.02,61625,5655,13.77952756,13.77952756
44.882,5.50699,0.394,62350,0.0151011,5.906,0.00536229,0.724663,337.2,0.300037,29.258,11.42726029,1,1.359119469,1.18,62350,11600,9.843,9.843
44.8819,5.50725,0.393701,62350,0.0150796,5.90551,0.00536165,0.724638,337.2,0.300066,27.6772,12.0784934,1,1.501719298,1.18,62350,11600,9.842519685,9.842519685
44.882,5.50699,0.394,62350,0.0151011,5.906,0.00536229,0.724663,224.8,0.200025,22.094,15.13256004,1,1.644311751,1.18,62350,11600,9.843,9.843
44.882,5.50699,0.394,62350,0.0151011,5.906,0.00536229,0.724663,224.8,0.200025,30.928,10.81022961,1,1.383628181,1.18,62350,11600,9.843,9.843
44.882,5.50699,0.394,62350,0.0151011,3.937,0.00804411,0.483067,224.8,0.200025,31.751,15.79636101,1,1.929504033,1.18,62350,11600,9.843,9.843
44.8819,5.50725,0.393701,62350,0.0150796,3.93701,0.00804248,0.483092,337.2,0.300066,28.8628,17.37352675,1,2.125578947,1.18,62350,11600,9.842519685,9.842519685
44.8819,5.50725,0.393701,62350,0.0150796,3.93701,0.00804248,0.483092,337.2,0.300066,29.4697,17.01573576,1,1.759729825,1.18,62350,11600,9.842519685,9.842519685
44.8819,5.50725,0.393701,62350,0.0150796,3.93701,0.00804248,0.483092,224.8,0.200044,24.798,20.22133349,1,2.053166667,1.18,62350,11600,9.842519685,9.842519685
44.8819,5.50725,0.393701,62350,0.0150796,1.9685,0.016085,0.241546,224.8,0.200044,22.7092,44.16270718,1,3.379982456,1.18,62350,11600,9.842519685,9.842519685
44.8819,5.50725,0.393701,62350,0.0150796,1.9685,0.016085,0.241546,337.2,0.300066,28.4253,35.28194074,1,2.955312281,1.18,62350,11600,9.842519685,9.842519685
44.8819,5.50725,0.393701,62350,0.0150796,1.9685,0.016085,0.241546,224.8,0.200044,29.5878,33.89571884,1,3.109049123,1.18,62350,11600,9.842519685,9.842519685
44.8819,5.50725,0.393701,62350,0.0150796,1.9685,0.016085,0.241546,337.2,0.300066,30.3024,33.09638015,1,2.123350877,1.18,62350,11600,9.842519685,9.842519685
44.8819,5.64356,0.787402,62350,0.0603186,5.90551,0.00536165,0.742574,224.8,0.200044,39.4058,8.483494245,1,4.268314035,1.18,62350,11600,9.842519685,9.842519685
44.8819,5.64356,0.787402,62350,0.0603186,5.90551,0.00536165,0.742574,337.2,0.300066,37.1194,9.006042056,1,3.415631579,1.18,62350,11600,9.842519685,9.842519685
44.8819,5.64356,0.787402,62350,0.0603186,5.90551,0.00536165,0.742574,337.2,0.300066,38.9053,8.59263076,1,3.742935088,1.18,62350,11600,9.842519685,9.842519685
44.8819,5.64356,0.787402,62350,0.0603186,5.90551,0.00536165,0.742574,224.8,0.200044,46.0315,7.262393741,1,3.449052632,1.18,62350,11600,9.842519685,9.842519685
44.8819,5.64356,0.787402,62350,0.0603186,3.93701,0.00804248,0.49505,224.8,0.200044,36.329,13.80298461,1,4.730861404,1.18,62350,11600,9.842519685,9.842519685
44.8819,5.64356,0.787402,62350,0.0603186,3.93701,0.00804248,0.49505,224.8,0.200044,43.8582,11.43340648,1,3.126205263,1.18,62350,11600,9.842519685,9.842519685
44.8819,5.64356,0.787402,62350,0.0603186,3.93701,0.00804248,0.49505,337.2,0.300066,39.342,12.74588552,1,3.552657895,1.18,62350,11600,9.842519685,9.842519685
44.8819,5.64356,0.787402,62350,0.0603186,3.93701,0.00804248,0.49505,337.2,0.300066,38.3332,13.08131406,1,4.274552632,1.18,62350,11600,9.842519685,9.842519685
44.8819,5.64356,0.787402,62350,0.0603186,1.9685,0.016085,0.247525,224.8,0.200044,38.559,26.00948546,1,5.241312281,1.18,62350,11600,9.842519685,9.842519685
44.8819,5.64356,0.787402,62350,0.0603186,1.9685,0.016085,0.247525,224.8,0.200044,38.9119,25.77360011,1,5.403070175,1.18,62350,11600,9.842519685,9.842519685
44.8819,5.64356,0.787402,62350,0.0603186,1.9685,0.016085,0.247525,337.2,0.300066,38.305,26.18195405,1,5.162215789,1.18,62350,11600,9.842519685,9.842519685
44.8819,5.64356,0.787402,62350,0.0603186,1.9685,0.016085,0.247525,337.2,0.300066,39.7587,25.22466152,1,5.25557193,1.18,62350,11600,9.842519685,9.842519685
91.9291,4.12216,0.751969,64960,0.0222493,4.33071,0.00270568,0.194192,138.252,0.0975638,82.8242,2.027360371,1,5.226199572,1.1,62060,3944,24.01574803,14.96062992
91.9291,4.12216,0.751969,64960,0.0222493,4.33071,0.00270568,0.194192,338.324,0.238754,89.9832,1.866065008,1,4.379460385,1.1,62060,3944,24.01574803,14.96062992
91.9291,4.10045,0.751969,64960,0.0222493,3.26772,0.00358584,0.145755,135.105,0.0922891,85.4124,2.605444062,1,6.886282655,0.98,62060,4074.5,24.01574803,14.96062992
91.9291,4.10045,0.751969,64960,0.0222493,3.26772,0.00358584,0.145755,340.347,0.232489,96.8668,2.297352967,1,5.546119914,0.98,62060,4074.5,24.01574803,14.96062992
20,2.2888,0.751969,73950,0.0355287,2.00787,0.0164155,0.229781,109.927,0.0997525,72.8635,16.66027881,1,7.0275,0.51,73950,11020,10,10
20,2.2888,0.751969,73950,0.0355287,2.00787,0.0164155,0.229781,220.079,0.199709,85.0524,14.27268631,1,5.854,0.51,73950,11020,10,10
20,2.27242,0.625984,73950,0.0246211,2.00787,0.0164155,0.228137,120.043,0.0962656,61.9245,19.60332704,1,7.2905,0.51,73950,12470,10,10
20,2.27242,0.625984,73950,0.0246211,2.00787,0.0164155,0.228137,240.086,0.192531,71.6836,16.9345042,1,6.784,0.51,73950,12470,10,10
17.7165,2.20913,0.393701,56985,0.0186168,1.77165,0.0080704,0.220913,804.559,0.599253,75.1394,22.03696489,1,0.720513333,0.44,205175,17110,8.858267717,8.858267717
17.7165,2.22332,0.393701,56985,0.0186168,1.77165,0.0127091,0.222332,804.559,0.599253,82.052,31.98185258,1,1.802835556,0.44,206480,17110,8.858267717,8.858267717
17.7165,2.22332,0.393701,56985,0.0186168,1.37795,0.0163403,0.172925,804.559,0.599253,91.887,36.71841658,1,2.704253333,0.44,206480,17110,8.858267717,8.858267717
17.7165,2.22332,0.393701,56985,0.0186168,1.77165,0.0127091,0.222332,469.607,0.349774,82.6702,31.74269529,1,2.726266667,0.44,206480,17110,8.858267717,8.858267717
17.7165,2.22332,0.393701,56985,0.0186168,1.37795,0.0163403,0.172925,469.607,0.349774,83.176,40.56392642,1,3.638973333,0.44,206480,17110,8.858267717,8.858267717
84.016,8.90236,0.625,59015,0.010142,9,0.000991664,0.953642,241.885,0.33957,14.7826,3.414199077,1,1.611483599,1,50895,5887,11,11
72.5197,6.87955,0.769291,65830,0.0257887,3.74016,0.0138436,0.354809,753.878,0.50011,33.1108,28.06909184,1,1.476840391,0.45,67135,10454.5,12.00787402,12.00787402
72.5197,6.82349,0.769291,65830,0.0257887,3.54331,0.0124288,0.333395,539.781,0.360079,33.5561,29.10884733,1,2.394522258,0.55,78590,10396.5,12.00787402,12.00787402
72.5197,6.82349,0.769291,65830,0.0257887,3.54331,0.0124288,0.333395,750.742,0.50011,33.227,29.3971587,1,1.737872964,0.55,78590,10411,12.00787402,12.00787402
72.5197,6.87955,0.769291,65830,0.0257887,3.93701,0.0224495,0.373483,751.787,0.50011,33.1882,45.41213993,1,2.258559175,0.45,67135,10425.5,12.00787402,12.00787402
72.5197,6.88007,0.769291,65830,0.0257887,3.54331,0.0250064,0.33616,957.873,0.450049,44.833,37.4457356,1,0.646720955,0.45,67135,14761,12.00787402,12.00787402
72.5197,6.87955,0.769291,65830,0.0257887,2.99213,0.0295388,0.283847,980.23,0.460101,44.1864,44.88003861,1,1.538892508,0.45,67135,14775.5,12.00787402,12.00787402
72.5197,6.82349,0.769291,65830,0.0257887,3.70079,0.0118999,0.348213,959.862,0.450099,38.6486,24.19785299,1,1.248074919,0.55,78590,14790,12.00787402,12.00787402
72.5197,6.87955,0.769291,65830,0.0257887,2.75591,0.0320707,0.261438,1004.49,0.470104,40.0078,53.81616696,1,0.98414658,0.45,67135,14819,12.00787402,12.00787402
64.7638,5.45207,0.767717,66055.6,0.0195035,5.98425,0.0040224,0.503778,400.594,0.427945,43.7561,7.597828874,1,3.009398176,1.14,82650,4930,13.77952756,13.77952756
64.7638,5.45207,0.767717,66055.6,0.0195035,2.99213,0.0080448,0.251889,400.594,0.427945,42.9625,15.47635077,1,4.042691793,1.14,82650,4930,13.77952756,13.77952756
64.7638,5.45207,0.767717,66055.6,0.0195035,2.99213,0.0080448,0.251889,186.809,0.199564,36.9323,18.00328493,1,7.051935562,1.14,82650,4930,13.77952756,13.77952756
64.7638,5.45153,0.767717,66062,0.0292553,5.98425,0.00532949,0.503728,432.29,0.461806,46.4719,9.478466525,1,3.07023465,1.14,82650,4930,13.77952756,13.77952756
64.7638,5.45207,0.767717,66055.6,0.0292553,2.99213,0.0107264,0.251889,432.29,0.461806,53.355,16.61581782,1,6.01895076,1.14,82650,4930,13.77952756,13.77952756
64.7638,5.54769,1.17717,69277.8,0.0229275,2.99213,0.0107264,0.256306,427.12,0.456283,49.7832,17.80795449,1,6.049677812,1.14,82650,4930,13.77952756,13.77952756
64.7638,5.39964,0.767717,66055.6,0.0292553,2.99213,0.00514465,0.249467,432.29,0.461806,48.4354,8.932827333,1,6.081022492,1.14,84100,4930,13.77952756,13.77952756
64.7638,5.39964,0.767717,66055.6,0.0292553,2.99213,0.00514465,0.249467,216.033,0.230783,44.6203,9.696596953,1,7.082971429,1.14,84100,4930,13.77952756,13.77952756
64.7638,5.3688,0.629921,62027.8,0.0328264,2.99213,0.00514465,0.248042,432.29,0.461806,49.3052,8.775242064,1,7.051935562,1.14,84100,4930,13.77952756,13.77952756
64.7638,5.42063,0.629921,62027.8,0.0328264,2.99213,0.0107264,0.250437,432.29,0.461806,53.4956,16.57214724,1,6.991099088,1.14,82650,4930,13.77952756,13.77952756
24.0157,4.191,0.625984,84977.9,0.0192731,3,0.00916465,0.523531,31.9216,0.0494939,15.7994,34.21482064,1,5.246557377,1.57,58984.64614,10097.37163,7.992125984,7.992125984
24.0157,4.18525,0.625984,84977.9,0.0192731,3,0.00916465,0.522813,31.9216,0.0494939,15.2994,35.33299589,1,5.204918033,1.57,58984.64614,10097.37163,7.992125984,7.992125984
24.0157,3.81847,0.625984,82978.4,0.0192731,3,0.00916465,0.476995,64.068,0.102065,21.4991,31.74964279,1,6.245901639,1.02,74480.61249,9827.44189,7.992125984,7.992125984
24.0157,3.77125,0.625984,83123.4,0.0192731,3.03937,0.00904594,0.47728,64.068,0.102065,21.1992,31.84359849,1,6.245901639,0.94,74625.61249,9827.44189,7.992125984,7.992125984
24.0157,3.72975,0.625984,82978.4,0.0192731,3,0.00916465,0.465913,127.911,0.21085,24.199,28.20731209,1,5.204918033,0.87,74480.61249,9497.527768,7.992125984,7.992125984
24.0157,3.56829,0.625984,83123.4,0.0192731,3.03937,0.00904594,0.451594,127.911,0.21085,23.2991,28.9736004,1,5.204918033,0.57,74625.61249,9497.527768,7.992125984,7.992125984
24.0157,3.77592,0.625984,82978.4,0.0192731,3,0.00916465,0.471681,0,0,13.2995,51.32439154,1,6.370819672,0.94,74480.61249,5498.568708,7.992125984,7.992125984
24.0157,3.86688,0.625984,83123.4,0.0192731,3.03937,0.00904594,0.489382,0,0,13.1058,51.50840186,1,6.377065574,1.09,74625.61249,5498.568708,7.992125984,7.992125984
24.0157,4.14261,0.625984,84977.9,0.0192731,3,0.00916465,0.517487,64.068,0.143328,16.298,33.16809653,1,4.180590164,1.51,58984.64614,6998.178355,7.992125984,7.992125984
24.0157,4.1624,0.625984,85122.9,0.0192731,3.03937,0.00904594,0.526783,64.068,0.143328,16.298,32.81894902,1,4.148527869,1.54,59129.64614,6998.178355,7.992125984,7.992125984
24.0157,3.70033,0.625984,82978.4,0.0192731,3,0.00916465,0.462238,127.911,0.362876,18.9956,35.934045,1,4.213068852,0.81,74480.61249,5518.563503,7.992125984,7.992125984
24.0157,3.70033,0.625984,83123.4,0.0192731,3.03937,0.00904594,0.468305,127.911,0.362876,18.9956,35.53764098,1,4.163934426,0.81,74625.61249,5518.563503,7.992125984,7.992125984
55.1181,3.99857,0.75,72065,0.0213767,1.9685,0.00633384,0.142806,101.16,0.112796,56.2,7.509037804,1,6.122851429,1.34,66627.5,3616.3,15.7480315,15.7480315
55.1181,3.99857,0.75,72065,0.0213767,1.9685,0.00633384,0.142806,151.74,0.158218,60.152,7.015692323,1,6.898095714,1.34,66627.5,3867.15,15.7480315,15.7480315
55.1181,3.99857,0.75,72065,0.0213767,1.9685,0.00633384,0.142806,202.32,0.215317,68.6314,6.148904504,1,5.840367143,1.34,66627.5,3788.85,15.7480315,15.7480315
55.1181,3.99857,0.75,72065,0.0213767,2.04724,0.00609023,0.148518,101.16,0.111059,55.7616,7.276993474,1,6.932385714,1.34,66627.5,3672.85,15.7480315,15.7480315
55.1181,3.99857,0.75,72065,0.0213767,2.04724,0.00609023,0.148518,151.74,0.155593,64.2119,6.319339551,1,6.852194286,1.34,66627.5,3932.4,15.7480315,15.7480315
55.1181,3.99857,0.75,72065,0.0213767,2.04724,0.00609023,0.148518,202.32,0.21017,69.6453,5.826334287,1,5.189764286,1.34,66627.5,3881.65,15.7480315,15.7480315
55.1181,3.99857,0.75,72065,0.0213767,2.12598,0.00586467,0.154231,101.16,0.106558,56.7485,6.885614605,1,6.727915714,1.34,66627.5,3828,15.7480315,15.7480315
55.1181,3.99857,0.75,72065,0.0213767,2.12598,0.00586467,0.154231,151.74,0.153443,63.4993,6.153584377,1,6.781074286,1.34,66627.5,3987.5,15.7480315,15.7480315
55.1181,3.99857,0.75,72065,0.0213767,2.12598,0.00586467,0.154231,202.32,0.209154,68.0537,5.741764231,1,6.044655714,1.34,66627.5,3900.5,15.7480315,15.7480315
72.0079,3.89232,0.984252,60000,0.0253452,2.95276,0.0137337,0.159608,0,0,58.03,14.19993107,1,6.059059595,0.61,60000,12035,20,12.00787402
72.0079,3.89232,0.984252,60000,0.0253452,2.95276,0.0137337,0.159608,346.866,0.120011,87.3081,9.438093373,1,4.962512849,0.61,60000,12035,20,12.00787402
72.008,3.89232,0.984,60000,0.025332,2.953,0.0137533,0.159622,462.638,0.160064,95.358,8.653684012,1,3.881513165,0.61,60000,12035,20,12.008
23.5,4.47577,0.375,74979.5,0.0245437,1,0.00613592,0.190458,0,0,10.4398,67.58163578,1,5.234468085,0.44,114985,14891.5,6,6
23.5,4.47577,0.375,74983.1,0.0245437,1,0.00613592,0.190458,90.1171,0.200044,16.4455,42.90163031,1,3.390638298,0.44,114985,12513.5,6,6
23.5,4.47577,0.375,65989.5,0.0245437,1,0.00698268,0.190458,0,0,9.13374,87.90522391,1,4.814893617,0.44,114985,12687.5,6,6
23.5,4.47577,0.375,65985.1,0.0245437,1,0.00698268,0.190458,43.5444,0.100022,12.5455,63.99931926,1,3.283404255,0.44,114985,12093,6,6
23.5,4.47577,0.375,65985.1,0.0245437,1,0.00698268,0.190458,93.9807,0.200044,14.6633,54.7559867,1,1.91787234,0.44,114985,13050,6,6
23.5,4.47577,0.375,68991,0.0245437,1,0.00698268,0.190458,0,0,8.99334,142.0785396,1,6.092340426,0.44,182990,9787.5,6,6
23.5,4.47577,0.375,68984.5,0.0245437,1,0.00698268,0.190458,38.9498,0.100022,11.514,110.9745191,1,3.267659574,0.44,182990,10817,6,6
23.5,4.47577,0.375,68984.5,0.0245437,1,0.00698268,0.190458,85.418,0.200044,12.9849,98.40357748,1,3.069787234,0.44,182990,11861,6,6
23.5,4.47577,0.375,68984.5,0.0245437,1.25,0.00558614,0.238073,79.1526,0.200044,12.8201,79.73477263,1,2.288510638,0.44,182990,10991,6,6
23.5,4.47577,0.375,68984.5,0.0245437,1.5,0.00465512,0.285688,90.848,0.200044,14.1079,60.38038325,1,2.015319149,0.44,182990,12615,6,6
23.5,4.47577,0.375,68984.5,0.0245437,1.75,0.0039901,0.333302,74.3492,0.200044,12.0572,60.55704467,1,2.106382979,0.44,182990,10324,6,6
78.7402,7.49906,0.768,65395,0.0257022,2.3622,0.0187094,0.224972,269.76,0.139639,27.6459,38.36841749,1,7.571486,0.68,56695,13398,12.00787402,12.00787402
78.7402,7.49906,0.768,62350,0.0257022,2.3622,0.0187094,0.224972,539.52,0.276583,35.9163,29.53337156,1,5.269865,0.68,56695,13528.5,12.00787402,12.00787402
78.7402,7.49906,0.768,65395,0.0257022,2.3622,0.0187094,0.224972,809.28,0.394173,43.836,25.86861789,1,3.32486,0.68,60610,14239,12.00787402,12.00787402
78.7402,7.49906,0.768,65395,0.0257022,5.11811,0.00863509,0.487439,269.76,0.136103,25.1641,19.45495478,1,4.552442,0.68,56695,13746,12.00787402,12.00787402
78.7402,7.49906,0.768,62350,0.0257022,5.11811,0.00863509,0.487439,539.52,0.264127,37.7124,12.98157708,1,2.282317,0.68,56695,14166.5,12.00787402,12.00787402
78.74,7.49905,0.768,65395,0.0257016,5.118,0.00863589,0.487429,809.28,0.371112,41.588,12.58587316,1,1.456692913,0.68,60610,15123.5,12.008,12.008
78.7402,7.49906,0.768,64670,0.0257022,2.3622,0.0187094,0.224972,651.92,0.396204,38.0429,31.23405403,1,8.689594,0.68,63510,11411.5,12.00787402,12.00787402
78.7402,7.49906,0.768,64670,0.0257022,2.3622,0.0187094,0.224972,944.16,0.413545,47.8554,24.82967427,1,6.104509,0.68,63510,15834,12.00787402,12.00787402
78.7402,7.44879,0.768,64670,0.0257022,2.16535,0.0144257,0.204842,809.28,0.353496,44.5599,38.72706991,1,5.365115,0.68,119625,15877.5,12.00787402,12.00787402
78.7402,7.44879,0.768,64670,0.0257022,3.14961,0.0099177,0.297952,809.28,0.371476,45.3354,26.16950247,1,2.828925,0.68,119625,15109,12.00787402,12.00787402
78.7402,7.44879,0.768,64670,0.0257022,2.165,0.0204136,0.204808,1157.72,0.529892,45.3062,48.60745699,1,3.313049,0.61,107880,15152.5,12.00787402,12.00787402
78.7402,7.49906,0.768,64670,0.0257022,2.3622,0.0187094,0.224972,1157.72,0.506158,47.3159,28.20888107,1,3.303016,0.68,71340,15863,12.00787402,12.00787402
27,2.60241,0.75,65682.9,0.0245437,3,0.00545415,0.289157,29.9988,0.0852267,25.5211,12.73303204,1,2.990185185,1,59580.5,4888.729578,12,6
27,2.60241,0.75,65682.9,0.0245437,3,0.00545415,0.289157,29.9988,0.0852267,25.5211,12.73303204,1,3.015185185,1,59580.5,4888.729578,12,6
27,2.60241,0.75,65682.9,0.0245437,1.5,0.0109083,0.144578,29.9988,0.0894331,26.0827,24.91774119,1,4.105740741,1,59580.5,4658.789332,12,6
27,2.60241,0.75,65682.9,0.0245437,1.5,0.0109083,0.144578,29.9988,0.0894331,26.0827,24.91774119,1,4.161111111,1,59580.5,4658.789332,12,6
27,2.60241,0.75,65682.9,0.0245437,3,0.00545415,0.289157,29.9988,0.0960273,25.522,12.73258303,1,3.126111111,1,59580.5,4338.872468,12,6
27,2.60241,0.75,65682.9,0.0245437,3,0.00545415,0.289157,29.9988,0.0960273,25.522,12.73258303,1,3.133518519,1,59580.5,4338.872468,12,6
27,2.60241,0.75,65682.9,0.0245437,2.25,0.00727221,0.216867,29.9988,0.104977,25.6452,16.89524386,1,3.031481481,1,59580.5,3968.968594,12,6
27,2.60241,0.75,65682.9,0.0245437,2.25,0.00727221,0.216867,29.9988,0.104977,25.6452,16.89524386,1,3.218148148,1,59580.5,3968.968594,12,6
27,2.60241,0.75,65682.9,0.0245437,3,0.00545415,0.289157,59.9976,0.157863,29.3809,11.06028012,1,3.414814815,1,59580.5,5278.628256,12,6
27,2.60241,0.75,65682.9,0.0245437,3,0.00545415,0.289157,59.9976,0.157863,29.3809,11.06028012,1,3.346481481,1,59580.5,5278.628256,12,6
27,2.60241,0.75,65682.9,0.0245437,2.25,0.00727221,0.216867,29.9988,0.0823633,26.0338,16.6430528,1,3.009259259,1,59580.5,5058.685412,12,6
27,2.60241,0.75,65682.9,0.0245437,2.25,0.00727221,0.216867,29.9988,0.0823633,26.0338,16.6430528,1,3.157407407,1,59580.5,5058.685412,12,6
27,2.60241,0.75,65685,0.0245437,2.25,0.00727221,0.216867,29.898,0.0784601,26.4694,16.36916243,1,3.204814815,1,59580.5,5292.5,12,6
27,2.60241,0.75,65685,0.0245437,2.25,0.00727221,0.216867,29.898,0.0784601,26.4694,16.36916243,1,2.97962963,1,59580.5,5292.5,12,6
24.6063,2.86369,0.5,66845,0.024322,1.5748,0.00502655,0.183276,158.484,0.300066,45.1939,7.821677898,1,2.9732224,0.84,70325,5452,9.842519685,9.842519685
24.6063,2.86369,0.5,66845,0.024322,1.5748,0.00502655,0.183276,316.968,0.600132,42.2808,8.360582788,1,1.997456,0.84,70325,5452,9.842519685,9.842519685
47.2441,2.26372,1,56260,0.0168902,3.93701,0.00844512,0.188644,1798.4,0.567018,278.527,2.303763074,1,2.46253,1.75,75980,5684,23.62204724,23.62204724
47.2441,2.22717,1,56260,0.0168902,3.93701,0.00844512,0.185598,1798.4,0.567018,300.953,2.132094439,1,2.248535,1.41,75980,5684,23.62204724,23.62204724
47.2441,2.31303,1,56260,0.0193893,3.93701,0.00904835,0.192753,1348.8,0.594313,270.057,2.545735282,1,1.935056667,0.62,75980,4669,22.04724409,22.04724409
49.0157,3.45689,0.5,52635,0.0158346,2.75591,0.00201959,0.194363,35.2936,0.0273389,34.1246,3.157995182,1,3.51091245,1.08,53360,5205.5,15.7480315,15.7480315
49.016,3.45694,0.5,52635,0.0158347,2.756,0.00201918,0.194372,35.294,0.0274925,33.261,3.239332696,1,4.304716827,1.08,53360,5176.5,15.748,15.748
49.0157,3.45689,0.5,52635,0.0158346,2.75591,0.00201959,0.194363,35.2936,0.0286142,34.4191,3.130974442,1,5.954208835,1.08,53360,4973.5,15.7480315,15.7480315
49.016,3.45694,0.5,52635,0.0158347,2.756,0.00201918,0.194372,35.294,0.0295627,35.307,3.051617096,1,8.148359719,1.08,53360,4814,15.748,15.748
49.016,3.45694,0.5,52635,0.0158347,2.756,0.00201918,0.194372,35.294,0.0266707,35.847,3.005647468,1,7.23437245,1.08,53360,5336,15.748,15.748
49.016,3.45694,0.5,52635,0.0158347,2.756,0.00201918,0.194372,35.294,0.0273393,38.349,2.809550309,1,8.493145095,1.08,53360,5205.5,15.748,15.748
94.5,5.88,0.875,66700,0.0148,14,0.00087,0.871595,290,0.25,42.7,1.293793911,1,2.074074074,1.125,63500,3570,18,18
72,4.61,1,74000,0.0194,18,0.00068,1.152,120,0.07,45.6,1.039385965,1,1.5,1.5,69700,5255,18,18
72,4.61,1,74000,0.0194,18,0.00068,1.152,240,0.14,52.5,0.902780952,1,1.541666667,1.5,69700,5255,18,18
72,4.61,1,74000,0.0194,18,0.00068,1.152,360,0.21,64.1,0.739407176,1,1.375,1.5,69700,5255,18,18
66,4.22,1,74000,0.0194,18,0.00068,1.152,240,0.14,60.6,0.782112211,1,1.5,1.5,69700,5125,18,18
66,4.22,1,74000,0.0194,18,0.00068,1.152,240,0.14,60.1,0.788618968,1,2.5,1.5,69700,5125,18,18
60,3.84,1,74000,0.0194,18,0.00068,1.152,360,0.22,76.6,0.618746736,1,1.483333333,1.5,69700,5125,18,18
31.496,2.5,0.63,63220,0.032,6.496062992,0.002379999,0.515626031,0,0,65.005416,1.677576437,0,2.540640081,0.59,45820,4437,15.748,15.748
23.622,1.875,0.63,63220,0.032,2.362204724,0.002356199,0.187500375,0,0,88.04292,1.272797681,0,1.69841673,0.59,47560,4364.5,15.748,15.748
31.496,2.5,0.63,64960,0.032,3.149606299,0.001767149,0.2500005,0,0,63.092368,1.51080107,0,3.965900432,0.59,53940,4277.5,15.748,15.748
31.496,2.5,0.63,63220,0.032,2.362204724,0.002356199,0.187500375,94.416,0.100089941,83.679552,1.331000514,0,1.545910592,0.59,47270,4843,15.748,15.748
31.496,2.5,0.63,63220,0.032,2.362204724,0.002356199,0.187500375,98.912,0.100062706,113.485784,0.981422719,0,1.924688849,0.59,47270,5075,15.748,15.748
23.622,1.875,0.63,63220,0.032,3.149606299,0.001767149,0.2500005,97.114,0.099957343,98.33876,0.849442613,0,1.717890102,0.59,47270,4988,15.748,15.748
27.559,2.1875,0.63,69890,0.032,3.149606299,0.001767149,0.2500005,181.414,0.175023369,109.396672,0.763580205,0,1.942741028,0.59,47270,5321.5,15.748,15.748
31.496,2.5,0.63,63220,0.032,3.149606299,0.001767149,0.2500005,0,0,60.799408,1.373913595,0,3.515684531,0.59,47270,4814,15.748,15.748
31.496,2.5,0.63,63220,0.032,8.661417323,0.001784999,0.687501375,0,0,64.029784,1.25309973,0,1.636398273,0.59,44950,4480.5,15.748,15.748
11.811,1.363604877,0.63,53070,0.0385,3.937007874,0.002056272,0.454535868,0,0,39.645728,2.767578739,0,2.007874016,0.67,53360,4176,10.827,10.827
11.811,1.363604877,0.63,53070,0.0385,1.968503937,0.004112544,0.227267934,0,0,45.818736,4.789423869,0,2.64329862,0.67,53360,4248.5,10.827,10.827
11.811,1.363604877,0.63,53070,0.0385,3.937007874,0.002056272,0.454535868,48.332,0.121491067,44.011344,2.49305438,0,1.569723139,0.67,53360,4321,10.827,10.827
11.811,1.363604877,0.63,53070,0.0385,1.968503937,0.004112544,0.227267934,48.332,0.126588594,50.64744,4.332802366,0,1.990517314,0.67,53360,4147,10.827,10.827
11.811,1.363604877,0.63,53070,0.0385,1.377952756,0.005875062,0.159087554,48.332,0.115300439,48.532072,6.45950802,0,2.302937939,0.67,53360,4553,10.827,10.827
11.811,1.363604877,0.63,53070,0.0513,1.968503937,0.004112544,0.227267934,48.332,0.118702747,51.261144,4.280929584,0,2.027347388,0.67,53360,4422.5,10.827,10.827
11.811,1.363604877,0.63,53070,0.0385,3.937007874,0.002056272,0.454535868,96.664,0.260462863,43.15036,2.542798575,0,1.135805605,0.67,53360,4031,10.827,10.827
11.811,1.363604877,0.63,53070,0.0385,1.968503937,0.004112544,0.227267934,96.664,0.237405494,53.596816,4.094372842,0,1.647193294,0.67,53360,4422.5,10.827,10.827
11.811,1.363604877,0.63,53070,0.0385,1.377952756,0.005875062,0.159087554,96.664,0.231337622,62.739432,4.99675082,0,2.013800694,0.67,53360,4538.5,10.827,10.827
11.811,1.363604877,0.63,52635,0.0385,2.952755906,0.002741696,0.340901901,48.332,0.115668811,55.431184,2.732487105,0,1.972737279,0.67,55245,4538.5,10.827,10.827
17.7165,2.045407315,0.63,52635,0.0385,2.953,0.002741469,0.340930082,48.332,0.116039545,41.920704,3.612831858,0,2.409053707,0.67,55245,4524,10.827,10.827
17.7165,2.045407315,0.63,52635,0.0385,2.953,0.002741469,0.340930082,48.332,0.176606526,38.47452,3.936435202,0,2.11864646,0.67,55245,2972.5,10.827,10.827
11.811,1.363604877,0.63,52635,0.0385,2.953,0.002741469,0.340930082,96.664,0.232825324,52.61444,2.878534009,0,1.686140039,0.67,55245,4509.5,10.827,10.827
17.7165,2.045407315,0.63,52635,0.0385,2.953,0.002741469,0.340930082,96.664,0.243800255,45.238752,3.347847768,0,1.999548444,0.67,55245,4306.5,10.827,10.827
17.7165,2.045407315,0.63,52635,0.0385,2.953,0.002741469,0.340930082,96.664,0.383114687,39.582784,3.826220382,0,1.786188017,0.67,55245,2740.5,10.827,10.827
17.7165,2.045407315,0.63,52635,0.0385,2.953,0.002741469,0.340930082,96.664,0.17532367,51.877096,2.919447436,0,1.786188017,0.67,55245,5988.5,10.827,10.827
48,2.5,0.626,65830,0.0136,4,0.000608938,0.208333333,4.226,0.002161886,91.1512296,0.193735203,0,2.389375,0.64,29000,4321,24,24
48,2.5,0.626,65830,0.0136,4,0.000608938,0.208333333,4.226,0.002403889,74.70104,0.236398342,0,0.899791667,0.64,29000,3886,24,24
48,2.5,0.626,63452,0.0136,4,0.000608938,0.208333333,4.226,0.002064879,74.70104,0.236398342,0,0.880625,0.64,29000,4524,24,24
48,2.5,0.75,43410,0.0196,5,0.000818123,0.260416667,145,0.060018608,102.1,0.244459319,0,0.529166667,0.75,30508,5340.35,24,24
36.0235,1.874973976,0.752,43935,0.0196,5.905511811,0.00070316,0.307373824,146.954,0.062320041,192.06912,0.16084488,0,6.781822977,0.98,43935,5205.5,24.016,24.016
58.464,3.042971352,0.984,64525,0.0202,11.81102362,0.00085835,0.614747649,404.46,0.13683709,126.45,0.418314106,0,1.746715928,2.17,61625,6525,24.016,24.016
20,2.5,0.5,53804,0.02,3.850393701,0.00089397,0.481299213,19,0.057590019,17.84,1.528468214,0,2.519,1.44,30502,4200.65,10,10
20,2.5,0.375,52103,0.0113,3.850393701,0.00089397,0.481299213,17,0.056953972,17.34,1.572541692,0,2.47,1.56,30502,3800.45,10,10
59.055,3.125,0.768,67425,0.0127,11.81102362,0.000351881,0.62500125,311.434,0.140025382,95.22528,0.263083162,0,0.872745745,1.77,71195,5075,23.622,23.622
47.244,2.499995,0.94488189,43935,0.0243,1.968503937,0.005235988,0.104166667,966.64,0.571860599,165.0032,1.380370066,0,1.385996105,0.79,43500,3857,23.62204724,23.62204724
31.49606299,2.5,0.62992126,63220,0.032,2.362204724,0.002356194,0.1875,0,0,72.246224,1.551092645,0,4.308475,0.59,47560,5437.5,15.7480315,15.7480315
31.49606299,2.5,0.62992126,42920,0.032,2.362204724,0.002356194,0.1875,0,0,49.611112,2.258779981,0,3.9004875,0.59,47560,5394,15.7480315,15.7480315
39.37007874,3.125,0.62992126,63220,0.032,2.362204724,0.002356194,0.1875,0,0,62.085264,1.804946608,0,4.033774,0.59,47560,5220,15.7480315,15.7480315
31.49606299,2.5,0.62992126,63220,0.032,1.57480315,0.003534292,0.125,0,0,74.390816,2.259565583,0,3.85064,0.59,47560,4509.5,15.7480315,15.7480315
31.49606299,2.5,0.62992126,64960,0.032,1.181102362,0.004712389,0.09375,162.0808,0.199958211,104.536496,2.431555221,0,5.4943375,0.59,53940,4161.5,15.7480315,15.7480315
31.49606299,2.5,0.62992126,64960,0.032,4.724409449,0.004712389,0.375,176.2432,0.200007989,101.387048,2.237508744,0,4.859655,0.59,48140,4524,15.7480315,15.7480315
31.49606299,2.5,0.62992126,64960,0.032,2.362204724,0.002356194,0.1875,168.8248,0.199919254,91.51608,1.38875162,0,2.2202775,0.59,53940,4335.5,15.7480315,15.7480315
23.622,1.87499625,0.62992126,64960,0.032,1.17,0.004757106,0.09286875,80.7032,0.099911226,118.43588,2.166558797,0,3.010329354,0.59,53940,4147,15.7480315,15.7480315
31.49606299,2.5,0.62992126,63220,0.032,1.181102362,0.004712389,0.09375,102.284,0.100043459,98.986184,2.250360798,0,4.3688,0.59,47270,5249,15.7480315,15.7480315
31.49606299,2.5,0.94488189,61480,0.0324,2.362204724,0.002356194,0.1875,0,0,71.122224,1.56599842,0,4.37388,0.43,47270,4886.5,15.7480315,15.7480315
31.49606299,2.5,0.62992126,63220,0.0192,2.362204724,0.002356194,0.1875,0,0,51.780432,2.150953286,0,5.1000025,0.59,47270,5046,15.7480315,15.7480315
39.37007874,3.125,0.62992126,63220,0.032,2.362204724,0.002356194,0.1875,96.8888,0.100015895,73.1162,1.52329156,0,2.848102,0.59,47270,4973.5,15.7480315,15.7480315
31.49606299,2.5,0.62992126,63220,0.032,6.299212598,0.003534292,0.5,0,0,74.754992,2.275979334,0,4.0535225,0.59,48140,4683.5,15.7480315,15.7480315
31.49606299,2.5,0.62992126,63220,0.032,4.330708661,0.003569992,0.34375,0,0,76.539904,2.096568352,0,4.0484425,0.59,44950,4799.5,15.7480315,15.7480315
31.49606299,2.5,0.62992126,68875,0.032,2.559055118,0.002174949,0.203125,411.384,0.393672646,109.99464,0.974820098,0,1.877695,0.59,49300,5365,15.7480315,15.7480315
35.43307087,3.664495114,0.472440945,34800,0.0183,1.417322835,0.0051166,0.146579805,32.596,0.05457612,19.3202112,9.216135277,0,3.491653333,1.3,34800,5205.5,12.08661417,12.08661417
35.23622047,3.644136808,0.472440945,34800,0.0183,1.417322835,0.0051166,0.146579805,57.0992,0.099771013,20.89516,8.521479615,0,4.014618994,1.3,34800,4988,12.08661417,12.08661417
9.842519685,1.25,0.374015748,54375,0.0091,1.299212598,0.015081549,0.165,72.3856,0.24759156,41.320488,17.70309129,0,3.100832,1.4,48503,3842.5,9.842519685,9.842519685
9.842519685,1.25,0.5,55390,0.0162,1.811023622,0.010819372,0.23,36.1928,0.12379578,41.592496,12.61698745,0,3.56616,1.34,48503,3842.5,9.842519685,9.842519685
19.68503937,2.5,0.5,55390,0.0162,1.456692913,0.002582899,0.185,36.1928,0.103816082,23.520824,6.154266052,0,4.55549,1.38,56043,4582,9.842519685,9.842519685
11.81102362,1.363636364,0.62992126,53070,0.0257,1.968503937,0.00411263,0.227272727,48.332,0.11988697,57.153152,3.839682137,0,2.678006667,0.67,53360,4379,10.82677165,10.82677165
17.71653543,2.045454545,0.62992126,52635,0.0385,2.952755906,0.002741754,0.340909091,0,0,40.378576,3.751202116,0,2.76606,0.67,55245,4640,10.82677165,10.82677165
31.49606299,2.5,0.62992126,63220,0.0385,6.299212598,0.003534292,0.5,48.332,0.052981203,47.698064,3.567038211,0,2.7866975,0.43,48140,4683.5,15.7480315,15.7480315
36.00393701,1.87397541,0.5,66990,0.0052,3,0.001384188,0.156147541,113.0744,0.057384277,94.05157222,0.770378625,0,3.309360306,0.5,52345,4350,24.01574803,24.01574803
36.00393701,1.87397541,0.5,66990,0.0104,5,0.000830513,0.260245902,113.0744,0.057384277,132.0381683,0.329247244,0,1.702036085,0.5,52345,4350,24.01574803,24.01574803
35.82677165,2.489059081,0.625984252,61988,0.0241,2.362204724,0.005170108,0.164113786,142.5232,0.098622645,63.66336,5.065804993,0,2.409371429,0.79,62379,5684,17.99212598,17.99212598
35.82677165,2.489059081,0.748031496,67889,0.0521,1.771653543,0.012319657,0.123085339,191.08,0.148089524,221.45048,3.50412677,0,9.418096703,0.79,62988,5075,17.99212598,17.99212598
35.82677165,2.489059081,0.625984252,73588,0.0241,3.149606299,0.003877581,0.218818381,110.152,0.084884203,89.51536,2.815160567,0,7.834225275,0.79,64989,5104,17.99212598,17.99212598
41.2519685,3.222810039,0.5,66483,0.0137,6.748031496,0.000456647,0.527189961,0,0,32.20524979,1.421727255,0,1.076797099,0.32,100268,5031.5,16,16
41.2519685,3.222810039,0.5,66483,0.0137,6.748031496,0.000456647,0.527189961,0,0,36.96146158,1.238778972,0,1.323088376,0.32,100268,5031.5,16,16
41.2519685,3.222810039,0.5,66483,0.0117,2.5,0.001232587,0.1953125,0,0,39.24155687,3.149442662,0,4.077623592,0.32,100268,5133,16,16
48,2.498360656,0.751968504,45704,0.025,5,0.000830513,0.260245902,135.95904,0.060015686,124.2,0.30843327,0,1.191666667,0.55,46125,5001.05,24.01574803,24.01574803
39.37007874,2.216312057,0.511811024,46835,0.0213,8.897637795,0.0009982,0.500886525,0,0,91.36508184,0.40935286,0,1.851914,1.38,37468,5763.75,22.20472441,22.20472441
60,3.75,0.625,65975,0.0099,4,0.000621784,0.25,165.6214,0.100021684,48.314325,0.772559557,0,3.7725,0.57,60030,5270.75,20,20
60,3.75,0.625,65975,0.0099,4,0.000621784,0.25,256.110144,0.100021951,59.86775055,0.623469116,0,3.5385,0.57,60030,8150.45,20,20
60,3.75,0.625,65975,0.0099,4,0.000621784,0.25,259.574312,0.10002248,62.05840007,0.601460777,0,3.768,0.57,60030,8260.65,20,20
60,3.75,0.625,65975,0.0099,4,0.000621784,0.25,240.072912,0.100022358,59.98778614,0.622221554,0,2.961,0.57,60030,7640.05,20,20
78.74015748,5,0.724409449,54085,0.0257,2.559055118,0.002042035,0.1625,85.424,0.058305747,44.009096,2.099149308,0,4.81838,0.67,45240,4814,19.68503937,19.68503937
78.74015748,5,0.724409449,53795,0.0257,2.559055118,0.002042035,0.1625,85.424,0.055625023,77.043456,1.199085142,0,1.294511,0.67,45240,5046,19.68503937,19.68503937
78.74015748,5,0.724409449,54085,0.0257,2.559055118,0.002042035,0.1625,85.424,0.057270733,34.569744,2.929281618,0,5.710047,0.67,49590,4901,19.68503937,19.68503937
107.480315,6.825,0.724409449,44225,0.0257,1.338582677,0.005913586,0.085,5.93472,0.003362093,31.096584,10.72644565,0,4.157505495,0.64,56405,5800,19.68503937,19.68503937
52.75590551,6.7,0.511811024,44225,0.0256,0.551181102,0.008688748,0.07,3.79912,0.009810823,8.2267808,40.27643534,0,5.36451791,0.34,38135,5089.5,9.842519685,9.842519685
36.61417323,4.65,0.472440945,42630,0.0218,0.393700787,0.01161761,0.05,123.64,0.339605401,17.561376,19.85622107,0,4.339849462,0.32,30015,4785,9.842519685,9.842519685
62.99212598,5,0.62992126,44660,0.0243,1.57480315,0.003271613,0.125,152.864,0.20817158,31.31464,4.665876299,0,3.71776625,0.52,44660,3770,15.7480315,15.7480315
62.99212598,5,0.62992126,44660,0.0243,2.165354331,0.007139983,0.171875,474.5528,0.589561679,36.74356,7.889363736,0,1.60289875,0.51,40600,4132.5,15.7480315,15.7480315
47.24409449,2.5,0.94488189,43935,0.0243,2.952755906,0.003490659,0.15625,431.616,0.239158733,154.473568,0.982975071,0,3.491653333,0.79,43500,4118,23.62204724,23.62204724
47.24409449,2.5,0.94488189,43935,0.0243,2.755905512,0.003739991,0.145833333,850.868,0.406980257,175.544072,1.306750751,0,2.73304,0.79,61335,4770.5,23.62204724,23.62204724
47.24409449,2.5,0.94488189,44515,0.0243,2.165354331,0.012185572,0.114583333,760.948,0.368450091,182.483648,2.711115372,0,2.31394,0.79,40600,4712.5,23.62204724,23.62204724
47.24409449,2.5,0.94488189,44515,0.0243,2.165354331,0.012185572,0.114583333,1521.896,0.736900181,210.651088,2.348595623,0,2.587201667,0.79,40600,4712.5,23.62204724,23.62204724
39.37007874,3.125,0.62992126,64960,0.032,1.181102362,0.004712389,0.09375,168.8248,0.199919254,88.296944,2.878766253,0,6.51129,0.59,53940,4335.5,15.7480315,15.7480315
62.99212598,5,0.62992126,48865,0.0243,5.31496063,0.002908882,0.421875,124.764,0.137190167,31.995784,6.143095501,0,4.173855,0.51,67570,4669,15.7480315,15.7480315
62.99212598,5,0.62992126,48865,0.0243,2.952755906,0.005235988,0.234375,467.584,0.613176419,39.366976,8.987119284,0,2.44300375,0.51,67570,3915,15.7480315,15.7480315
62.99212598,5,0.62992126,68730,0.0182,3.307086614,0.002991993,0.2625,596.1696,0.527714955,47.722792,3.381782491,0,2.02390375,0.51,53940,5800,15.7480315,15.7480315
62.99212598,5,0.62992126,68730,0.0182,2.244094488,0.006889458,0.178125,813.776,0.738805019,46.412208,7.275075915,0,1.50383875,0.51,49010,5655,15.7480315,15.7480315
31.49606299,2.5,0.62992126,61335,0.032,2.362204724,0.006544985,0.1875,203.8936,0.189980735,103.686752,2.7458363,0,5.0841275,0.59,43500,5510,15.7480315,15.7480315
31.49606299,2.5,0.62992126,68875,0.032,2.362204724,0.006544985,0.1875,407.5624,0.390015578,130.073776,2.188810506,0,3.4648775,0.59,43500,5365,15.7480315,15.7480315
75.19685039,7.776872964,0.472440945,34800,0.0183,2.952755906,0.002455968,0.305374593,32.596,0.050496977,7.5535048,11.31497082,0,2.583086911,1.3,34800,5626,12.08661417,12.08661417
75.19685039,7.776872964,0.472440945,34800,0.0183,2.952755906,0.002455968,0.305374593,57.0992,0.094810023,8.3126544,10.28163596,0,2.377759162,1.3,34800,5249,12.08661417,12.08661417
44.88188976,9.375,0.5,64960,0.0558,0.866141732,0.006430682,0.180921053,33.9448,0.241255117,4.2849128,134.9195045,0,6.318807018,0.33,89900,5002.5,5.984251969,5.984251969
22.44094488,4.6875,0.5,64960,0.0558,0.866141732,0.006430682,0.180921053,33.9448,0.241255117,9.2995264,62.16642514,0,8.012140351,0.33,89900,5002.5,5.984251969,5.984251969
22.44094488,4.6875,0.5,64960,0.0558,0.866141732,0.006430682,0.180921053,49.456,0.351497521,9.6666248,59.80560162,0,7.847263158,0.33,89900,5002.5,5.984251969,5.984251969
359.8425197,7.516447368,1.692913386,68875,0.02,3.503937008,0.002935489,0.073190789,1000.36,0.068516578,290.75632,0.721715804,0,5.774748359,2,71485,5191,59.84251969,59.84251969
179.9212598,3.758223684,1.692913386,68875,0.02,2.125984252,0.006981508,0.044407895,1000.36,0.07151293,737.7936,0.596858819,0,7.783404814,1.75,63075,4973.5,59.84251969,59.84251969
29.52755906,3.75,0.275590551,64670,0.0196,0.354330709,0.006709046,0.045,26.976,0.101458875,14.4065328,29.77884772,0,7.958666667,0.33,63945,3494.5,9.842519685,9.842519685
29.52755906,3.75,0.275590551,64670,0.0196,0.354330709,0.006709046,0.045,53.7272,0.210819976,16.5063896,25.99053802,0,7.145866667,0.33,63945,3349.5,9.842519685,9.842519685
59.05511811,7.5,0.275590551,64670,0.0196,0.551181102,0.003271744,0.07,26.976,0.096266098,7.1717944,31.48664871,0,6.717284,0.33,69020,3683,9.842519685,9.842519685
29.52755906,3.75,0.275590551,64670,0.0196,0.354330709,0.006709046,0.045,26.976,0.10021143,14.0954096,30.43614614,0,7.291493333,0.33,63945,3538,9.842519685,9.842519685
29.52755906,3.75,0.275590551,64670,0.0196,0.354330709,0.006709046,0.045,53.7272,0.200409113,17.2082152,24.93053123,0,6.820408,0.33,63945,3523.5,9.842519685,9.842519685
59.05511811,7.5,0.275590551,64670,0.0196,0.551181102,0.003271744,0.07,26.976,0.104942442,6.6689168,31.37116212,0,4.745058667,0.33,63945,3378.5,9.842519685,9.842519685
14.76377953,1.875,0.377952756,57855,0.0046,1.968503937,0.009953822,0.25,41.3632,0.141480892,27.958376,18.32627859,0,2.225378667,1.4,51475,3842.5,9.842519685,9.842519685
19.68503937,2.5,0.374015748,54375,0.0091,2.480314961,0.003471709,0.315,72.3856,0.207632163,23.07572,7.984305436,0,4.846066,1.38,53070,4582,9.842519685,9.842519685
19.68503937,2.5,0.625984252,50025,0.0254,1.653543307,0.011849788,0.21,72.3856,0.207632163,33.254664,17.28329799,0,5.770372,1.4,48503,4582,9.842519685,9.842519685
17.71653543,2.045454545,0.62992126,52635,0.0385,1.377952756,0.005875186,0.159090909,0,0,39.76712,8.161884757,0,3.424202222,0.67,55245,4538.5,10.82677165,10.82677165
17.71653543,2.045454545,0.62992126,52635,0.0385,1.377952756,0.005875186,0.159090909,48.332,0.123569505,47.709304,6.803173037,0,3.4417,0.67,55245,4248.5,10.82677165,10.82677165
23.622,2.727267273,0.62992126,52635,0.0385,2.952755906,0.002741754,0.340909091,48.332,0.118707754,34.666408,4.369307594,0,3.653797308,0.67,55245,4422.5,10.82677165,10.82677165
23.622,2.727267273,0.62992126,52635,0.0385,2.952755906,0.002741754,0.340909091,96.664,0.234342169,39.151168,3.868804112,0,3.652103971,0.67,55245,4480.5,10.82677165,10.82677165
54.01574803,5.62295082,0.374015748,64960,0.0204,0.748031496,0.00433697,0.077868852,44.96,0.094414387,16.62849239,16.41312488,0,5.62669242,0.49,62930,4205,12.00787402,12.00787402
54.01574803,5.62295082,0.374015748,64960,0.0204,0.748031496,0.00433697,0.077868852,44.96,0.094414387,16.92748316,16.12321924,0,11.47072886,0.49,62930,4205,12.00787402,12.00787402
54.01574803,5.62295082,0.374015748,64960,0.0204,0.748031496,0.00433697,0.077868852,49.9056,0.085611242,16.97016201,16.08267039,0,4.119909621,0.49,62930,5147.5,12.00787402,12.00787402
54.01574803,5.62295082,0.374015748,64960,0.0204,0.748031496,0.00433697,0.077868852,49.9056,0.085611242,20.85682285,13.08567101,0,5.452298834,0.49,62930,5147.5,12.00787402,12.00787402
54.01574803,5.62295082,0.374015748,64960,0.0204,0.748031496,0.00433697,0.077868852,49.9056,0.085611242,17.25830377,15.81415681,0,6.844670554,0.49,62930,5147.5,12.00787402,12.00787402
54.01574803,5.62295082,0.374015748,64960,0.0204,0.748031496,0.00433697,0.077868852,49.9056,0.092658509,17.75461203,15.37209158,0,4.21266035,0.49,62930,4756,12.00787402,12.00787402
54.01574803,5.62295082,0.374015748,64960,0.0204,0.748031496,0.00433697,0.077868852,49.9056,0.092658509,16.42133266,16.62018106,0,5.793865889,0.49,62930,4756,12.00787402,12.00787402
54.01574803,5.62295082,0.374015748,64960,0.0204,0.748031496,0.00433697,0.077868852,49.9056,0.093513819,16.86382403,16.18408266,0,5.555787172,0.49,62930,4712.5,12.00787402,12.00787402
54.01574803,5.62295082,0.374015748,64960,0.0204,0.748031496,0.00433697,0.077868852,44.96,0.101408045,16.6869749,16.35560212,0,6.607702624,0.49,62930,3915,12.00787402,12.00787402
54.01574803,5.62295082,0.374015748,64960,0.0204,0.748031496,0.00433697,0.077868852,44.96,0.101408045,16.30346158,16.74034197,0,5.88383965,0.49,62930,3915,12.00787402,12.00787402
54.01574803,5.62295082,0.374015748,64960,0.0204,0.748031496,0.00433697,0.077868852,44.96,0.101408045,16.2547227,16.79053695,0,7.465230321,0.49,62930,3915,12.00787402,12.00787402
144.0944882,7.5,0.874015748,65975,0.0266,2.244094488,0.004077204,0.116803279,400.144,0.148225992,81.7526743,2.993841586,0,8.723442623,0.91,60030,5959.5,24.01574803,24.01574803
35.82677165,2.489059081,0.625984252,61988,0.0241,2.362204724,0.005170108,0.164113786,433.4144,0.306959948,139.376,2.31392899,0,5.069672527,0.79,62379,5553.5,17.99212598,17.99212598
35.82677165,2.489059081,0.625984252,61988,0.0241,2.362204724,0.005170108,0.164113786,218.056,0.150123599,123.99968,2.600862897,0,5.525058242,0.79,62379,5713,17.99212598,17.99212598
35.82677165,2.489059081,0.748031496,70499,0.0521,1.57480315,0.013859614,0.10940919,430.2672,0.333462764,249.3032,3.501717453,0,9.465128571,0.79,62988,5075,17.99212598,17.99212598
143.9370079,10,0.625984252,69165,0.0362,2.992125984,0.004081664,0.207877462,400.144,0.296559864,42.0376,6.265090528,0,9.084182166,1,64525,5307,17.99212598,17.99212598
143.9370079,10,0.625984252,69165,0.0362,2.007874016,0.002760536,0.139496718,400.144,0.271352275,39.2824512,4.452913662,0,5.576189278,1.06,63365,5800,17.99212598,17.99212598
143.9370079,10,0.625984252,69165,0.0362,2.992125984,0.001852465,0.207877462,400.144,0.281194068,44.37552,2.693609092,0,9.297053063,1.06,64525,5597,17.99212598,17.99212598
96,5,0.625984252,66990,0.0149,1.251968504,0.003319004,0.065206693,146.987728,0.072283474,64.068,4.558061528,0,6.286458333,0.75,87986,4495,24,24
192,10,0.625984252,66990,0.0149,1.251968504,0.003319004,0.065206693,146.987728,0.072283474,33.9448,8.60296381,0,8.899322917,0.75,87986,4495,24,24
240,12.5,0.625984252,66990,0.0149,1.251968504,0.003319004,0.065206693,146.987728,0.072283474,22.81795533,12.79807422,0,10.49583333,0.75,87986,4495,24,24
96,5,0.625984252,66990,0.0149,1.251968504,0.003319004,0.065206693,146.987728,0.072283474,40.464,7.216930752,0,4.921875,0.75,87986,4495,24,24
96,5,0.625984252,66990,0.0149,1.251968504,0.003319004,0.065206693,146.987728,0.072283474,107.904,2.706349032,0,7.299895833,0.75,87986,4495,24,24
72,3.75,0.748031496,63989,0.0273,1,0.004155288,0.052083333,204.981632,0.090576489,124.764,2.930389936,0,7.241111111,1,87986,5002.5,24,24
192,10,0.748031496,63989,0.0273,1,0.004155288,0.052083333,204.981632,0.090576489,45.6344,8.011657214,0,15.625,1,87986,5002.5,24,24
240,12.5,0.748031496,63989,0.0273,1,0.004155288,0.052083333,204.981632,0.090576489,42.79616512,8.542989049,0,14.46458333,1,87986,5002.5,24,24
70.86614173,3.75,0.874015748,64960,0.0192,3.818897638,0.002435814,0.202083333,89.92,0.045064411,97.4806984,1.56160346,0,7.586274444,1,62495,4553,23.62204724,23.62204724
70.86614173,3.75,0.874015748,64960,0.0192,3.818897638,0.002435814,0.202083333,89.92,0.040896604,96.789888,1.572748962,0,6.626436667,1,62495,5017,23.62204724,23.62204724
70.86614173,3.75,0.874015748,62930,0.0192,2.519685039,0.00369178,0.133333333,89.92,0.04287947,103.47544,2.245206354,0,8.266571111,1,62930,4785,23.62204724,23.62204724
64.76377953,8.225,0.62992126,60755,0.0328,1.968503937,0.007068583,0.25,224.8,0.313481909,15.967544,64.18924131,0,9.148941033,0.4,145000,9425,9.842519685,9.842519685
64.76377953,8.225,0.62992126,60755,0.0328,1.968503937,0.016045999,0.25,224.8,0.313481909,15.35287336,63.64941052,0,7.443821277,0.39,60900,9425,9.842519685,9.842519685
64.76377953,8.225,0.62992126,60755,0.0328,1.968503937,0.007068583,0.25,415.88,0.418846661,18.38245033,55.75668731,0,6.14108693,0.4,145000,13050,9.842519685,9.842519685
64.76377953,8.225,0.62992126,60755,0.0328,1.968503937,0.008042477,0.25,415.88,0.418846661,19.16241422,35.29682158,0,3.283934347,0.39,84100,13050,9.842519685,9.842519685
64.76377953,8.225,0.62992126,60755,0.0328,3.937007874,0.003534292,0.5,415.88,0.418846661,17.62682056,12.21084552,0,3.214451064,0.47,60900,13050,9.842519685,9.842519685
64.76377953,8.225,0.62992126,60755,0.0328,1.968503937,0.007068583,0.25,207.94,0.209423331,16.59549659,61.76040165,0,8.617625532,0.4,145000,13050,9.842519685,9.842519685
64.76377953,8.225,0.62992126,60755,0.0328,1.968503937,0.007068583,0.25,415.88,0.418846661,18.28098552,56.06615321,0,4.606741641,0.4,145000,13050,9.842519685,9.842519685
64.76377953,8.225,0.62992126,60755,0.0328,1.968503937,0.016045999,0.25,415.88,0.418846661,21.57956701,45.28363978,0,6.603073556,0.32,60900,13050,9.842519685,9.842519685
60,3.75,0.62992126,65975,0.0099,4.015748031,0.000613877,0.250984252,325.96,0.127323954,69.31844233,0.584267818,0,3.522833333,0.75,65975,8149,20,20
60,3.75,0.62992126,65975,0.0099,4.015748031,0.000613877,0.250984252,279.4264,0.108953495,65.9488764,0.614120168,0,3.535333333,0.75,65975,8163.5,20,20
60,3.75,0.62992126,65975,0.0099,4.015748031,0.000613877,0.250984252,256.0472,0.09861144,61.89283774,0.654365457,0,3.747166667,0.75,65975,8265,20,20
60,3.75,0.62992126,65975,0.0099,4.015748031,0.000613877,0.250984252,256.0472,0.106657535,59.63862744,0.679099047,0,2.967833333,0.75,65975,7641.5,20,20
96,5,0.625984252,66990,0.0149,1.251968504,0.003319004,0.065206693,294.0384,0.120498251,74.18504849,3.936452046,0,7.316666667,0.75,87986,5394,24,24
96,5,0.625984252,66990,0.0149,2.5,0.001662115,0.130208333,147.0192,0.060249126,64.79842194,2.256889072,0,5.268958333,0.75,87986,5394,24,24
143.976378,7.5,0.748031496,45690,0.0254,5,0.000831058,0.260416667,399.9192,0.187014073,55.7351136,0.760185029,0,3.747906481,0.66,50982,4727,24,24
77.5,5.872613366,0.874015748,62278,0.0213,2,0.006660232,0.151551313,0,0,26.59140724,15.02467821,0,9.920645161,2,59987,8787,16.49606299,16.49606299
77.5,5.872613366,0.874015748,62278,0.0213,2,0.006660232,0.151551313,0,0,27.20659939,14.68494211,0,11.35432258,2,59987,9077,16.49606299,16.49606299
77.5,5.872613366,0.874015748,62278,0.0213,2,0.007379758,0.151551313,0,0,30.694192,14.42258337,0,10.06206452,2,59987,10092,16.49606299,16.49606299
77.5,5.872613366,0.874015748,62278,0.0213,2,0.007379758,0.151551313,221.99,0.102921398,38.276696,11.56551086,0,8.638064516,2,59987,10092,16.49606299,16.49606299
77.5,5.872613366,0.874015748,71282,0.0213,2,0.007379758,0.151551313,221.99,0.102921398,41.28931424,10.7216492,0,3.132129032,2,59987,10092,16.49606299,16.49606299
77.5,5.872613366,0.874015748,73370,0.0213,2,0.007379758,0.151551313,221.99,0.102921398,40.83300111,10.84146477,0,2.890322581,2,59987,10092,16.49606299,16.49606299
77.5,5.872613366,0.874015748,73370,0.0213,2,0.007379758,0.151551313,221.99,0.102921398,39.91777658,11.09003509,0,3.025806452,2,59987,10092,16.49606299,16.49606299
77.5,5.872613366,0.874015748,71282,0.0213,2,0.007379758,0.151551313,221.99,0.102921398,44.58734367,9.928591988,0,3.090580645,2,59987,10092,16.49606299,16.49606299
96,6.666666667,0.748031496,81983,0.0198,3,0.004069171,0.208333333,51.99624,0.043094445,34.86169529,7.352165201,0,7.544270833,0.31,62988,4741.5,18,18
96,6.666666667,0.748031496,81983,0.0198,3,0.004069171,0.208333333,51.99624,0.041204338,35.80357564,7.158752677,0,10.584375,0.31,62988,4959,18,18
96,6.666666667,0.748031496,81983,0.0198,3,0.004069171,0.208333333,51.99624,0.044453891,43.07708628,5.95000649,0,10.494375,0.31,62988,4596.5,18,18
96,6.666666667,0.748031496,81983,0.0198,3,0.004069171,0.208333333,51.99624,0.041568978,35.32239479,7.256273095,0,13.14375,0.31,62988,4915.5,18,18
112.75,7.83,0.75,54969,0.0156,12,0.00102,0.83,158,0.1,23.9,2.345957322,0,3.81,1.5,54969,3191,18,18
73,5.703125,0.5,66483,0.0117,1.251968504,0.002461297,0.097810039,0,0,15.80637118,15.61328181,0,6.078082192,0.5,100268,5292.5,16,16
73,5.703125,0.5,66483,0.0117,1.251968504,0.002461297,0.097810039,0,0,16.96032527,14.55097846,0,6.957534247,0.5,100268,5292.5,16,16
73,5.703125,0.5,66483,0.0117,1.251968504,0.002461297,0.097810039,0,0,23.8288,10.35676692,0,11.0560274,0.5,100268,5162,16,16
144,7.5,0.75,45700,0.0254,5,0.00082,0.26,400,0.16,48.5,0.862268041,0,1.35,0.55,51000,5540,24,24
